restaurant;address;neighborhood;type;cost;addressFix
'Cesca;164 W 75th St;Upper West Side;Italian;$$$;164 W 75th St, New York, NY 10023, USA
'Ino;21 Bedford St;Greenwich Village;Italian;$;21 Bedford St, New York, NY 10014, USA
'Inoteca;98 Rivington St;Lower East Side;Italian;$$;98 Rivington St, New York, NY 10002, USA
107 West;811 W 187th St;Harlem;Creole-Cajun;$$$;811 W 187th St, New York, NY 10033, USA
15 East;15 E. 15th Street;Union Square;Japanese;$$$$;E 15th St, New York, NY, USA
2 Rivers Bar and ReStaurant;10 Murray St;American;----;;10 Murray Street, Hobart TAS 7000, Australia
2 West;2 West St;Financial District;American;$$$;2 West St, New York, NY 10004, USA
21 Club;21 W 52nd St;Midtown West;American;$$$;21 W 52nd St, New York, NY 10019, United States
26 Seats;168 Ave B;East Village;French;$$;168 Avenue B, New York, NY 10009, USA
44;44 W 44th Street;Midtown West;American;$$$;44 W 44th St, New York, NY 10036, USA
44 & X Hell's Kitchen;622 10th Ave;Midtown West;American;$$$;622 10th Ave, New York, NY 10036, USA
5 Napkin Burger;630 Ninth Ave;Hell's Kitchen;American;$$;630 9th Ave, New York, NY 10036, USA
5 Ninth;5 Ninth Ave;Meatpacking District;International;$$$;5 9th Ave, New York, NY 10014, USA
71 Irving Place;71 Irving Pl;Gramercy Park;American;$;71 Irving Pl, New York, NY 10003, USA
77493;1633 Broadway;Midtown West;American;$$;Paramount Plaza, 1633 Broadway, New York, NY 10019, USA
A;947 Columbus Ave;Harlem;Caribbean;$;947 Columbus Ave, New York, NY 10025, USA
A Cafe;973 Columbus Avenue;Upper West Side;French;$$$;973 Columbus Ave, New York, NY 10025, USA
A Voce;41 Madison Ave;Gramercy Park;Italian;$$$$;Jerome Mansion, 41 Madison Ave, New York, NY 10010, USA
A.O.C.;314 Bleecker St;West Village;French;$$;314 Bleecker St, New York, NY 10014, USA
A.O.C. Bedford;14 Bedford St;Greenwich Village;French;$$$;14 Bedford St, New York, NY 10014, USA
Abboccato;136 W 55th St;Midtown West;Italian;$$$$;136 W 55th St, New York, NY 10019, USA
Acqua;718 Amsterdam Ave.;Italian;$$$$;;718 Amsterdam Ave, New York, NY 10025, USA
Ada;208 E 58th Street;Midtown East;Indian;$$$;208 E 58th St, New York, NY 10022, USA
Agave;140 7th Ave South;Greenwich Village;Southwestern;$$;140 7th Ave S, St. Petersburg, FL 33701, USA
Aix Brasserie;2398 Broadway;Upper West Side;French;$$$$;2398 Broadway, New York, NY 10024, USA
Aj Maxwell's - Steakhouse;57 West 48th Street;Midtown West;Steakhouse;$$$$;57 W 48th St, New York, NY 10036, USA
Akdeniz;19 W 46th St;Midtown West;Mediterranean;$;19 W 46th St, New York, NY 10036, USA
Aki;181 W Fourth St;Greenwich Village;Caribbean;$$$;181 West 4th Street, New York, NY 10014, USA
Al Bustan Restaurant;827 Third Ave;Midtown East;Middle Eastern;$$$;827 3rd Ave, New York, NY 10022, USA
Alexandra;455 Hudson St;West Village;American;$$;455 Hudson St, New York, NY 10014, USA
Alfama;551 Hudson St;Greenwich Village;Portuguese;$$;551 Hudson St, New York, NY 10014, USA
Alfredo Of Rome;4 W 49th St;;;;4 W 49th St, New York, NY 10020, USA
Ali Baba;206 E 34th St;Murray Hill;Turkish;$;206 E 34th St, New York, NY 10016, USA
Alias;76 Clinton St;Lower East Side;American;$$$;76 Clinton St, New York, NY 10002, USA
Alice's Tea Cup;102 West. 73 st;Upper West Side;American;$;102 W 73rd St, New York, NY 10023, USA
Allegretti;46 West 22nd St;Flatiron;French;$$$$;46 W 22nd St, New York, NY 10010, USA
Allen & Delancey;115 Allen St;Lower East Side;American;$$$;115 Allen St, New York, NY 10002, USA
Almond;12 E 22nd Street;Flatiron;French;$$$$$;12 E 22nd St, New York, NY 10010, USA
Alonso's Steakhouse;265 West 20th St;Chelsea;Steakhouse;$$$;265 W 20th St, New York, NY 10011, USA
Alouette;2588 Broadway;Upper West Side;French;$$$;2588 Broadway
Alta;64 West 10th Street;Greenwich Village;Mediterranean;$$$;64 W 10th St, New York, NY 10011, USA
Alto;520 Madison Ave;Midtown East;Italian;$$$$$;520 Madison Ave, New York, NY 10022, USA
Amalia;;Midtown West;Mediterranean;$$$$;
Amaranth;21 E. 62nd St.;Mediterranean;$$$;;21 E 62nd St, New York, NY 10065, USA
Amazing 66;66 Mott Street;Chinatown;Chinese;$$;66 Mott St, New York, NY 10013, USA
Ambassador Grill and Lounge;1 United Nations Plaza;Midtown East;International;$$$;1 United Nations Plaza, New York, NY 10017, United States
Amber;1406 Third Ave.;Pan-Asian;$$;;1406 3rd Ave, New York, NY 10075, USA
Amma;246 E 51st St;Midtown East;Indian;$$$$;246 E 51st St, New York, NY 10022, USA
Ammos Estiatorio;52 Vanderbilt Ave;Midtown East;Greek;$$$;52 Vanderbilt Ave, New York, NY 10017, USA
Amy Ruth's;113 W 116th St;Harlem;Southern;$;113 W 116th St, New York, NY 10026, USA
Amy's Bread;75 Ninth Ave;Midtown West;American;$;75 9th Ave, New York, NY 10011, USA
Angelica Kitchen;300 E 12th St;East Village;Vegetarian;$;300 E 12th St, New York, NY 10003, USA
Angelo & Maxies Steakhouse;233 Park Ave South (19th St);Midtown West;Steakhouse;$$$;233 Park Ave South (19th St)
Angelo's Of Mulberry Street;146 Mulberry St Fl 1;Little Italy;Italian;$$$;146 Mulberry St Fl 1, New York, NY 10013, USA
Angon on The Sixth;320 E Sixth St;East Village;Indian;$;320 E 6th St, Dallas, TX 75203, USA
Annisa;13 Barrow Street;Greenwich Village;American;$$$$$;13 Barrow Street
Anthos;36 W 52nd St;Midtown West;Mediterranean;$$$$;36 W 52nd St, Bayonne, NJ 07002, USA
Apiary;60 Third Ave.;East Village;American;$$$$;60 3rd Ave, New York, NY 10003, USA
Apizz;217 Eldridge St;Lower East Side;Italian;$$$;217 Eldridge St, New York, NY 10002, USA
Aq Cafe;58 Park Ave;Murray Hill;Scandinavian;$;Park Ave, United States
Aquagrill;210 Spring St;SOHO;Seafood;$$$$;210 Spring St, New York, NY 10012, USA
Aquavit;65 East 55th Street;Midtown West;Scandinavian;$$$$;65 E 55th St, New York, NY 10022, United States
Arezzo;46 W 22nd St;Flatiron;Italian;$$$;46 W 22nd St, New York, NY 10010, USA
Aroma;36 E Fourth St;NoLita;Italian;$$;Bartlett Building, 36 E 4th St, Cincinnati, OH 45202, USA
Arqua;281 Church Street;TriBeCa;Italian;$$$;281 Church St, New York, NY 10013, USA
Arriba Arriba!;1463 Third Ave;Upper East Side;American;$;1463 3rd Ave, New York, NY 10028, USA
Arte Cafe;106 W 73rd St;Upper West Side;Italian;$$;106 W 73rd St, New York, NY 10023, USA
Artichoke;328 E 14th St;East Village;Pizza;$$;328 E 14th St, New York, NY 10003, USA
Artie's Deli;2290 Broadway;;;;2290 Broadway, New York, NY 10024, USA
Artisanal;2 Park Avenue;Lower East Side;French;$$$;2 Park Ave, New York, NY 10016, USA
Arturo's Restaurants;106 W Houston St;Greenwich Village;Italian;$;106 W Houston St, New York, NY 10012, USA
Asia De Cuba;237 Madison Ave;Murray Hill;Asian;$$$$;237 Madison Ave, New York, NY 10016, USA
Asiakan;710 Amsterdam Ave.;Upper West Side;Pan-Asian;$;710 Amsterdam Ave, New York, NY 10025, USA
Asiate;80 Columbus Cir at 60th Street;Upper West Side;French;$$$$;80 Columbus Cir at 60th Street
Aspen;30 W 22nd St;;;;30 W 22nd St, New York, NY 10010, USA
Aspen Social Club;157 W 47th St;Midtown West;American;$$$$;157 W 47th St, New York, NY 10036, USA
Atlantic Grill;1341 Third Ave;Upper East Side;Seafood;$$$;1341 3rd Ave, New York, NY 10021, USA
Atnhos;36 W. 52nd Street;Greek;$$$$;;36 W 52nd St, Bayonne, NJ 07002, USA
Au Mandarin;200-250 Vesey St;Financial District;Chinese;$$;200-250 Vesey St
August;359 Bleecker St;West Village;European;$$$;359 Bleecker St, New York, NY 10014, USA
Aureole;34 E 61st St (Between Park and Madison);Midtown East;American;$$$$$;34 E 61st St (Between Park and Madison)
Aurora;51 Broome St.;SOHO;Italian;$$;51 Broome St, Maroubra NSW 2035, Australia
Avra Estiatorio;141 E 48th St;Midtown East;Greek;$$$$;141 E 48th St, New York, NY 10017, USA
Awash;947 Amsterdam Ave.;Ethiopian;;;947 Amsterdam Ave, New York, NY 10025, USA
Azafran;77 Warren St;TriBeCa;Spanish;$$$;77 Warren St, New York, NY 10007, USA
Azucar;939 Eighth Avenue;Midtown West;Cuban;$$;939 8th Ave, New York, NY 10001, USA
Azuri Cafe;465 W 51st St;Midtown West;Jewish;$;465 W 51st St, New York, NY 10019, USA
Azza;137 E. 55th Street;Midtown East;Moroccan;$$$$;137 E 55th St, New York, NY 10022, USA
B. Smith's Restaurant Row;320 West 46th St;Midtown West;Southern;$$$;320 W 46th St, New York, NY 10036, USA
BLT Fish;21 W 17th St;Flatiron;Seafood;$$;21 W 17th St, New York, NY 10011, USA
BLT Prime;111 East 22nd Street;Gramercy Park;American;$$$$;111 E 22nd St, New York, NY 10010, USA
BLT Steak;106 E 57th St;Midtown East;Steakhouse;$$$$$;106 E 57th St, New York, NY 10022, USA
Babbo;110 Waverly Pl;Greenwich Village;Italian;$$$$;110 Waverly Pl, New York, NY 10011, USA
Baldoria;249 West 49th Street;Midtown West;Italian;$$$$;249 W 49th St, New York, NY 10019, USA
Bali Nusa Indah Restaurant Inc;651 9th Ave;Indonesian;;;651 9th Ave, New York, NY 10036, USA
Balthazar;80 Spring Street;SOHO;French;$$$;80 Spring St, New York, NY 10012, USA
Banjara;97 First Ave;East Village;Indian;$$;97 First Ave, Marsden QLD 4132, Australia
Bann;350 W 50th St;Theater;Korean;$$$;350 W 50th St, New York, NY 10019, USA
Bao 111;111 Ave C;East Village;Asian;$$;111 Loisaida Ave, New York, NY 10009, USA
Bar Americain;152 W 52nd St;Midtown West;American;$$$$;152 W 52nd St, New York, NY 10019, USA
Bar Boa;100 W 82nd Street;Upper West Side;Vietnamese;$$$$;100 W 82nd St, New York, NY 10024, USA
Bar Jamon;52 Irving Pl.;NY;Spanish;$$$;52 Irving Pl, New York, NY 10003, USA
Bar Martignetti;406 Broome St.;;;;406 Broome St, New York, NY 10013, USA
Bar Pitti;268 Sixth Avenue;Greenwich Village;Italian;$$;268 6th Ave, New York, NY 10012, USA
Baraonda;1439 Second Avenue;;;;1439 2nd Ave, New York, NY 10021, USA
Barbetta;321 W 46th Street;Midtown East;Italian;$$$;321 W 46th St, New York, NY 10036, USA
Barbounia;250 Park Ave South;Flatiron;Mediterranean;$$$$;250 Park Ave S, New York, NY 10003, USA
Barmarche;14 Spring St;NoLita;American;$$;14 Spring St, New York, NY 10012, USA
Barney Greengrass;541 Amsterdam Ave;Upper West Side;Deli;$;541 Amsterdam Ave, New York, NY 10024, USA
Barolo;398 West Broadway;SOHO;Italian;$$$;398 W Broadway, New York, NY 10012, USA
Basta Pasta;37 W 17th St;Flatiron;Italian;$$;37 W 17th St, New York, NY 10011, USA
Battery Gardens;Inside Battery Parkacross From 17 State St;Financial District;American;$$$;New York, NY 10004, United States
Bay Leaf;49 W 56th Street;Midtown West;Indian;$$;49 W 56th St, New York, NY 10019, USA
Bb Sandwich Bar;120 W Third St;West Village;American;$;120 W Third St, Dayton, OH 45402, USA
Beacon;25 West 56th St (Between 5th & 6th Avenues);Midtown West;American;$$$$;25 West 56th St (Between 5th & 6th Avenues)
Becco;355 W 46th St;Midtown West;Italian;$$$;355 W 46th St, New York, NY 10036, USA
Bellavitae;21 Minetta Ln;Greenwich Village;Italian;$$$;21 Minetta Ln, New York, NY 10012, USA
Bello;863 Ninth Ave;;;;863 9th Ave, New York, NY 10019, USA
Bello Sguardo;410 Amsterdam Ave;Upper West Side;Mediterranean;$$;410 Amsterdam Ave, New York, NY 10024, USA
Ben & Jack's Steak House;219 E 44th St;Midtown East;Steakhouse;$$$$;219 E 44th St, New York, NY 10017, USA
Ben's Kosher Deli;209 West 38th Street;Midtown West;Deli;$;209 W 38th St, New York, NY 10018, USA
Beppe;45 E 22nd St;Flatiron;Italian;$$$;45 E 22nd St, New York, NY 10010, United States
Bette;461 W 23rd St;Chelsea;European;$$$;461 W 23rd St, New York, NY 10011, USA
Bettola;412 Amsterdam Ave;Upper West Side;Italian;$$;412 Amsterdam Ave, New York, NY 10024, USA
Beyoglu;1431 Third Avenue;Upper East Side;Mediterranean;$$;1431 3rd Ave, New York, NY 10028, USA
Bianca;5 Bleecker St;NoLita;Italian;$$;5 Bleecker St, New York, NY 10012, USA
Big Nick's Burger Joint;2175 Broadway;Upper West Side;American;$;2175 Broadway, New York, NY 10024, USA
Big Wong;67 Mott St;;;;67 Mott St, New York, NY 10013, USA
Bistro Cassis;225 Columbus Ave;Upper West Side;French;$$;225 Columbus Ave, New York, NY 10023, USA
Bistro Citron;473 Columbus Ave.;;;;473 Columbus Ave, New York, NY 10024, USA
Bistro Les Amis;180 Spring St/Thompson;SOHO;French;$$;180 Spring St, New York, NY 10012, USA
Bistro Ten 18;1018 Amsterdam Ave;Upper West Side;American;$$;1018 Amsterdam Ave, New York, NY 10025, USA
Black Iron Burger Shop;540 E 5th St;East Village;American;$$$;540 E 5th St, New York, NY 10009, USA
Black Pearl;37 W. 26th Street;Chelsea;Seafood;$$;37 W 26th St, New York, NY 10010, USA
Blaue Gans;139 Duane Street;TriBeCa;German;$$$;139 Duane St, New York, NY 10013, USA
Blockheads Mexican Diner;954 Second Ave;Midtown West;Mexican;$;954 2nd Ave, New York, NY 10022, USA
Bloomingdale Road;2398 Broadway;American;$$$;;2398 Broadway, New York, NY 10024, USA
Blossom;187 Ninth Ave.;Vegetarian;$$;;187 9th Ave, New York, NY 10011, USA
Blue 9 Burger;92 3rd Ave;East Village;American;$;3rd Ave & E 92nd St, New York, NY 10128, USA
Blue Fin;1567 Broadway at 47th;Midtown West;Seafood;$$$;1567 Broadway, New York, NY 10036, USA
Blue Hill;75 Washington Place;Greenwich Village;American;$$$$;75 Washington Pl, New York, NY 10011, USA
Blue Ribbon;97 Sullivan Street;SOHO;American;$$$;97 Sullivan St, New York, NY 10012, USA
Blue Ribbon Bakery;33 Downing Street;Greenwich Village;American;$$;33 Downing St, Ladera Ranch, CA 92694, USA
Blue Ribbon Sushi;119 Sullivan St;SOHO;Sushi;$$$;119 Sullivan St, New York, NY 10012, USA
Blue Smoke;116 E 27th St;Gramercy Park;Barbecue;$$;116 E 27th St, New York, NY 10016, USA
Blue Water Grill;31 Union Square West;Union Square;Seafood;$$$;31 Union Square W, New York, NY 10003, USA
Bluechili;251 W 51st St;Midtown West;Asian;$$;251 W 51st St, New York, NY 10019, USA
Bobby Van's Grill - 50th Street;135 W 50th St;Midtown West;Italian;$$$;135 W 50th St, New York, NY 10020, USA
Bobby Van's Steakhouse-54th Street;131 E 54th Street;Midtown East;Steakhouse;$$$;131 E 54th St, New York, NY 10022, USA
Bobby Van's Steakhouse-Park Avenue;230 Park Avenue;Midtown East;Steakhouse;$$$;The Helmsley Building, New York, NY 10017, USA
Bobo;181 W. 10th St.;Greenwich Village;European;$$$$;181 W 10th St, New York, NY 10014, USA
Boca Chica;13 First Avenue;East Village;South American;$;13 First Ave, Sawtell NSW 2452, Australia
Boi;246 East 44th Street;Midtown East;Vietnamese;$$;246 E 44th St, New York, NY 10017, USA
Boi To Go;800 Second Ave;Midtown East;Vietnamese;$$;800 2nd Ave, New York, NY 10017, USA
Bolo;23 E 22nd St;Flatiron;Spanish;$$$$;23 E 22nd St, New York, NY 10010, USA
Bombay Grill;344 Lexington Ave;Indian;$$;;344 Lexington Ave, New York, NY 10016, USA
Bombay Palace;30 W 52nd St;Midtown West;Indian;$$;30 W 52nd St
Bombay Talkie;189 Ninth Ave;Chelsea;Indian;$$;189 9th Ave, New York, NY 10011, USA
Bond 45;154 W 45th St;Midtown West;Italian;$$$;154 W 45th St, New York, NY 10036, USA
Bondi Road;153 Rivington St.;Australian;$$;;153 Rivington St, New York, NY 10002, USA
Bondst;6 Bond Street;TriBeCa;Japanese;$$$$;6 Bond St, New York, NY 10012, USA
Boom;152 Spring Street;SOHO;Italian;$$;152 Spring St, Charleston, SC 29403, USA
Boqueria;53 W. 19th St.;Spanish;$$$;;53 W 19th St, New York, NY 10011, USA
Borgo Antico;22 E 13th St;East Village;Italian;$$$;22 E 13th St, New York, NY 10003, USA
Bottino;246 10th Ave;Chelsea;Italian;$$$;246 10th Ave, New York, NY 10001, USA
Bouley;120 West Broadway;TriBeCa;French;$$$$$;120 W Broadway, Louisville, KY 40202, USA
Bourbon Street Bar & Grille;346 W 46th Street;Creole-Cajun;$$$$;;346 W 46th St, New York, NY 10036, USA
Brasserie;100 East 53rd St;Midtown East;French;$$$;100 E 53rd St, New York, NY 10022, United States
Brasserie 8 1/2;9 W 57th St;Midtown West;French;$$$$;East River Realty Company, LLC, 9 W 57th St, New York, NY 10019, USA
Brasserie Julien;1422 3rd Ave (Between 80th & 81st Streets);Upper East Side;French;$$;1420-1422 3rd Ave, New York, NY 10028, United States
Bread;20 Spring St;NoLita;American;$$;20 Spring St, New York, NY 10012, USA
Bricco Ristorante;304 W 56th St;;;;304 W 56th St, New York, NY 10019, USA
Brick Lane Curry;342 East 6th St;East Village;Indian;$;342 E 6th St, New York, NY 10003, USA
Bridge Cafe;279 Water St;Financial District;American;$$$;279 Water St, Brooklyn, NY 11201, USA
Bright Food Shop;218 Eighth Ave;Chelsea;Asian;$;218 Eighth Ave, Rosebud VIC 3939, Australia
Broadway East;171 East Broadway;Lower East Side;American;$$$;171 E Broadway, New York, NY 10002, USA
Broadway Joe Steakhouse;315 West 46th Street;Theater;Steakhouse;$$$;315 W 46th St, New York, NY 10036, USA
Brother Jimmy's Bbq;1461 1st Ave;Midtown East;Southern;$;1461 1st Avenue, New York, NY 10075, USA
Bubba Gump Shrimp Co.;1501 Broadway;Midtown West;American;$;1501 Broadway 12th Floor, Manhattan, NY 10036, United States
Bubble Loung;228 W Broadway;TriBeCa;Small Plates;$$$;228 W Broadway, New York, NY 10013, USA
Bubby's;120 Hudson St;TriBeCa;American;$;120 Hudson St, New York, NY 10013, USA
Buddakan;75 Ninth Ave;Chelsea;Fusion;$$$$;75 9th Ave, New York, NY 10011, USA
Buddha BBeeQ;1750 Second Ave.;Upper East Side;Korean;$;1750 2nd Ave, New York, NY 10128, USA
Buddha Bar;25 Little West 12th Street;Meatpacking District;Asian;$$$$;25 Little W 12th St, New York, NY 10014, USA
Buenos Aires;513 E Sixth St;East Village;Argentinean;$$;513 E 6th St, Newport, KY 41071, USA
Bukhara Grill;217 E 49th St;Midtown East;Indian;$$;217 E 49th St, New York, NY 10017, USA
Bull Run;52 William St;Financial District;American;$$$;52 William St, New York, NY 10005, USA
Burger Joint;190 Bleecker St;Gramercy Park;American;$;190 Bleecker St, New York, NY 10012, USA
Burritoville;352 W 39th St;Midtown West;Southwestern;$;352 W 39th St, New York, NY 10018, USA
Butai;115 E 18th St;Gramercy Park;Japanese;$$$;115 E 18th St, New York, NY 10003, USA
Butter;415 Lafayette St;East Village;American;$$$;415 Lafayette St, New York, NY 10003, USA
Cabana;89 S St Pier 17 Pavilion;Upper East Side;Nuevo Latino;$$;89 S St Pier 17 Pavilion
Cabrito;50 Carmine St.;Fusion;;;50 Carmine St, New York, NY 10014, USA
Cacio E Pepe;182 Second Ave;East Village;Italian;$$;182 2nd Ave, New York, NY 10003, USA
Cafe Asean;117 West 10th Street;;;;117 W 10th St, New York, NY 10011, USA
Cafe Blossom;466 Columbus Ave;;;;466 Columbus Ave, New York, NY 10024, USA
Cafe Centro;200 Park Ave;Midtown East;Mediterranean;$$$;MetLife Building, 200 Park Ave, New York, NY 10166, USA
Cafe Con Leche;726 Amsterdam Ave;Upper West Side;Cuban;$;726 Amsterdam Ave, New York, NY 10025, USA
Cafe De Bruxelles;118 Greenwich Ave;West Village;Belgian;$$;118 Greenwich Ave, New York, NY 10011, USA
Cafe Des Artistes;1 W 67th Street;Upper West Side;French;$$$;1 W 67th St, New York, NY 10023, USA
Cafe Du Soleil;2723 Broadway;Upper West Side;French;$$$;2723 Broadway, New York, NY 10025, USA
Cafe Espanol;172 Bleecker Street;Greenwich Village;American;$;172 Bleecker St, New York, NY 10012, USA
Cafe Frida;368 Columbus Ave;Upper West Side;Mexican;$$;368 Columbus Ave, New York, NY 10024, USA
Cafe Gitane;242 Mott St;NoLita;French;$;242 Mott St, New York, NY 10012, USA
Cafe Gray;10 Columbus Circle, 3rd Fl;Upper West Side;French;$$$$$;10 Columbus Cir 3rd Fl, New York, NY 10019, USA
Cafe Habana;229 Elizabeth St;NoLita;Cuban;$;229 Elizabeth St, New York, NY 10012, USA
Cafe Joul;1070 First Avenue;Midtown East;French;$$;1070 1st Avenue, New York, NY 10022, USA
Cafe Lalo;201 W 83rd St;Upper West Side;American;$;201 W 83rd St, New York, NY 10024, USA
Cafe Loup;105 W 13th St;Greenwich Village;French;$$$;105 W 13th St, New York, NY 10011, USA
Cafe Mogador;101 St Marks Pl;East Village;Moroccan;$;101 St Marks Pl, New York, NY 10009, USA
Cafe Ronda;249-251 Columbus Ave;Upper West Side;Mediterranean;$$;249 Columbus Ave, New York, NY 10023, USA
Cafe Rustico East;230 East 29th St.;Midtown East;Italian;$$$;230 E 29th St, New York, NY 10016, USA
Cafe Select;212 Lafayette Street;International;$$$;;212 Lafayette St, New York, NY 10012, USA
Cafe Spice;72 University Pl;;;;72 University Pl, New York, NY 10003, USA
Cafe St. Barts;Park Avenue @ 50th St.;Upper East Side;American;$$$;Park Ave & E 50th St, New York, NY 10022, USA
Cafe Un Deux Trois;123 W 44th St;Midtown West;French;$$$;123 W 44th St, New York, NY 10036, USA
Cafeteria;119 Seventh Avenue;Chelsea;American;$;119 7th Ave, New York, NY 10010, USA
Caffe Falai;68 Clinton St.;SOHO;Italian;$$;68 Clinton St, New York, NY 10002, USA
Café Boulud;20 East 76th St;Upper East Side;French;$$$$;20 E 76th St, New York, NY 10021, USA
Café Sabarsky;1048 Fifth Ave;Upper East Side;Austrian;$$;1048 5th Ave, New York, NY 10028, USA
Calle Ocho;446 Columbus Avenue;Upper West Side;Cuban;$$;446 Columbus Ave, New York, NY 10024, USA
Camaje;85 Macdougal St;Greenwich Village;American;$$;85 MacDougal St, New York, NY 10012, USA
Camino Sur;336 W 37th St;Midtown West;South American;$$$;336 W 37th St, New York, NY 10018, USA
Campagnola;1382 First Ave;Upper East Side;Italian;$$$$;1382 1st Avenue, New York, NY 10021, USA
Candela;Candela, 92 Second Avenue;East Village;Cuban;$$;92 2nd Ave, New York, NY 10003, United States
Candle 79;154 E 79 St;Upper East Side;Vegetarian;$$;154 E 79th St, New York, NY 10075, USA
Candle Cafe;1307 Third Avenue;Upper East Side;Vegetarian;$;1307 3rd Ave, New York, NY 10021, USA
Canyon Road;1470 First Avenue;Upper East Side;Southwestern;$$;1470 1st Avenue, New York, NY 10075, USA
Capital Grille;155 E 42nd St;Midtown East;Steakhouse;$$$$;155 E 42nd St, New York, NY 10017, USA
Caracas Arepa Bar;91 East 7th St;East Village;South American;$;1/2, 91 E 7th St, New York, NY 10009, USA
Carmine's;2450 Broadway;Midtown West;Italian;$$;2450 Broadway, New York, NY 10024, USA
Carnegie Deli;854 7th Ave;Midtown West;Deli;$;854 7th Ave, New York, NY 10019, USA
Casa;72 Bedford St;West Village;South American;$$;72 Bedford St, New York, NY 10014, USA
Casa La Femme North;1076 First Ave;Midtown East;African;$$$;1076 1st Avenue, New York, NY 10022, USA
Casa Mono;125 East 17th;Gramercy Park;Spanish;$$$;125 E 17th St, New York, NY 10003, USA
Casimir;103-105 Ave B;East Village;French;$$;103 Avenue B, New York, NY 10009, USA
Caterina's;316 East 53rd Street;Midtown East;Hungarian;$$$;316 E 53rd St, New York, NY 10022, USA
Celeste;502 Amsterdam Ave;Upper West Side;Italian;$$;502 Amsterdam Ave, New York, NY 10024, USA
Cellini Restaurant;65 E 54th St;Midtown East;Italian;$$$;65 E 54th St, New York, NY 10022, USA
Cendrillon;45 Mercer St;SOHO;Southeast Asian;$$;45 Mercer St, New York, NY 10013, USA
Central Park Boathouse;Enter on E 72nd St;;;;Enter on E 72nd St
Cercle Rouge;241 W Broadway;TriBeCa;American;$$$;241 W Broadway, New York, NY 10013, USA
Chanterelle;2 Harrison St;TriBeCa;French;$$$$$;2 Harrison St, San Francisco, CA 94105, USA
Charlie Palmer's Metrazur;East Balcony #4, 404 Grand Central Terminal, 42nd Street;Midtown East;American;$$$;89 E 42nd St, New York, NY 10017, United States
Chat 'N Chew;10 E 16th St;Union Square;American;$;10 E 16th St, New York, NY 10003, USA
Chemist Club Grill;Dylan Hotel;Midtown East;American;$$$;Eastmoreland Pl, Saint Peter's, Dublin, Ireland
Chennai Garden;129 E 27 St;Gramercy Park;Indian;$;129 E 27th St, New York, NY 10016, USA
Chez Jacqueline;72 Macdougal St;Greenwich Village;French;$$$;72 MacDougal St, New York, NY 10012, USA
Chikalicious Dessert Bar;203 E 10th St;East Village;American;$;203 E 10th St
Chimichurri Grill;606 9th Avenue;Midtown West;South American;$$$;606 9th Ave, New York, NY 10036, USA
Chin Chin;216 E 49th St;Midtown East;Chinese;$$$;216 E 49th St, New York, NY 10017, USA
China Fun;246 Columbus Ave;Upper West Side;Chinese;$;246 Columbus Ave, New York, NY 10023, USA
China Grill;60 W 53rd St;Midtown West;Asian;$$$$;60 W 53rd St, New York, NY 10019, USA
China de Puebla;3143 Broadway;Harlem;Asian;;3143 Broadway, New York, NY 10027, USA
Chinatown Brasserie;380 Lafayette St;NoLita;Chinese;$$$;380 Lafayette St, New York, NY 10003, USA
Chino's;173 Third Ave;Gramercy Park;Asian;$;173 Third Ave
Chipotle;100 Maiden Ln.;Financial District;Mexican;$;100 Maiden Ln, New York, NY 10038, USA
Chiyono;328 E. Sixth St.;Japanese;$$;;328 E 6th St, New York, NY 10003, USA
Cho Dang Gol;55 W 35th St;Midtown West;Korean;$;55 W 35th St, New York, NY 10001, USA
Chocolate Bar;48 8th Ave;Greenwich Village;Dessert;$$$;48 8th Ave, New York, NY 10014, USA
Chola;232 E 58th St;Midtown East;Indian;$$;232 E 58th St, New York, NY 10022, USA
Choshi Restaurant;77 Irving Pl;Greenwich Village;Japanese;$$;77 Irving Pl, New York, NY 10003, USA
Chow Bar;230 W Fourth St;West Village;Asian;$$;230 West 4th Street, New York, NY 10014, USA
Churrascaria Plataforma Ny;316 W 49th Street;Midtown West;South American;$$$;316 W 49th St, New York, NY 10019, United States
Cibo;767 Second Avenue;Midtown East;American;$$$;767 2nd Ave, New York, NY 10017, USA
Cilantro;1712 2nd Ave;Upper East Side;Southwestern;$;1712 2nd Ave, New York, NY 10128, USA
Cinema Cafe On 34th;505 3rd Ave;;;;505 3rd Ave
Circus;132 E 61st St;Upper East Side;South American;$$$;132 E 61st St, New York, NY 10065, USA
Citrus Bar & Grill;320 Amsterdam Ave;Upper West Side;Asian;$$;320 Amsterdam Ave, New York, NY 10023, USA
City Bakery;3 W 18th St;Flatiron;American;$;3 W 18th St, New York, NY 10011, USA
City Burger;1410 Broadway;Midtown West;American;$$;1410 Broadway, New York, NY 10018, USA
City Crab & Seafood;235 Park Ave S;Lower East Side;Seafood;$$$;235 Park Ave S, New York, NY 10003, USA
City Hall;131 Duane St;TriBeCa;Seafood;$$$;131 Duane St, New York, NY 10013, USA
Coffee Shop;29 Union Square West;Union Square;American;$;29 Union Square W, New York, NY 10003, USA
Colors;417 Lafayette St;East Village;International;$$$;417 Lafayette St, New York, NY 10003, USA
Columbus Bakery;474 Columbus Ave;;;;474 Columbus Ave, New York, NY 10024, USA
Comfort Diner;25 W 23rd St;Midtown East;American;$;25 W 23rd St, New York, NY 10010, USA
Compass;208 W 70th Street;Upper West Side;American;$$$;208 W 70th St, New York, NY 10023, USA
Convivio;45 Tudor City Pl;Midtown East;Italian;$$$$$;45 Tudor City Pl, New York, NY 10017, USA
Cookshop;156 10th Ave;Chelsea;American;$$$$;156 10th Ave, New York, NY 10011, USA
Coppola's Pizzeria Restaurant;206 W 79th St;Upper West Side;Italian;$$;206 W 79th St, New York, NY 10024, USA
Cornelia Street Cafe;29 Cornelia Street;Greenwich Village;American;$$$;29 Cornelia St, New York, NY 10014, USA
Corner Bistro;331 W 4th St;West Village;American;$;331 W 4th St
Cosette;163 E 33rd St;Murray Hill;French;$$;163 E 33rd St, New York, NY 10016, USA
Cosi;53 E. Eighth St.;Greenwich Village;American;$;53 E 8th St, New York, NY 10003, USA
Counter;105 First Ave;East Village;Vegetarian;$$;105 First Ave
Country;90 Madison Ave, 2nd Fl;Gramercy Park;American;$$$$;90 Madison Ave 2nd Fl, Westbury, NY 11590, USA
Cowgirl;519 Hudson Street;West Village;Southwestern;$;519 Hudson St, New York, NY 10014, USA
Craft;43 E 19th St;Union Square;American;$$$$$;43 E 19th St, New York, NY 10003, USA
Craftbar;900 Broadway;Flatiron;American;$$$;900 Broadway
Craftsteak;85 10th Ave;Chelsea;Steakhouse;$$$$$;US-NYC-8510, 85 10th Ave, New York, NY 10011, USA
Crema Restaurante;111 West 17th Street;Chelsea;Mexican;$$$;111 W 17th St, New York, NY 10011, USA
Creole;2167 Third Ave;Harlem;Creole-Cajun;$$;2167 3rd Ave, New York, NY 10035, USA
Crisp;684 3rd Ave;Midtown East;Middle Eastern;$$;684 3rd Ave, Cherry Hill, NJ 08002, USA
Crispo;240 W 14th St;West Village;Italian;$$$;240 W 14th St, New York, NY 10011, USA
Crooked Knife;29 E. 30th Street;Murray Hill;British;$$;29 E 30th St, New York, NY 10016, USA
Cru;24 Fifth Ave;Greenwich Village;Mediterranean;$$$$;24 5th Ave, New York, NY 10011, USA
Crumbs Bake Shop;1371 3rd Ave;;;;1371 3rd Ave, New York, NY 10075, USA
Cuba;222 Thompson Street;Greenwich Village;Cuban;$$;222 Thompson St, New York, NY 10012, USA
Cuba Cafe;200 Eighth Ave;Chelsea;Cuban;$;200 8th Ave, New York, NY 10011, USA
Cubana Cafe;110 Thompson St;Greenwich Village;Cuban;$;110 Thompson St, New York, NY 10012, USA
Cube 63;63 Clinton St;Lower East Side;Japanese;$$;63 Clinton St, New York, NY 10002, USA
Cucina Di Pesce;87 E 4th St;East Village;Italian;$;87 E 4th St, New York, NY 10003, USA
Da Andrea;557 Hudson St;West Village;Italian;$$;557 Hudson St, New York, NY 10014, USA
Da Antonio;157 E 55th St;Midtown East;Italian;$$$$;157 E 55th St, New York, NY 10022, USA
Da Ciro;229 Lexington Ave;Murray Hill;Italian;$$;229 Lexington Ave, New York, NY 10016, USA
Da Nico;164 Mulberry St.;Italian;$$;;164 Mulberry St, New York, NY 10013, USA
Da Silvano;260 6th Avenue;Greenwich Village;Italian;$$$;260 6th Ave, New York, NY 10014, USA
Da Umberto;107 West 17th Street;Italian;$$$;;107 W 17th St, New York, NY 10011, USA
Dallas Bbq;27 W 72nd St;Upper West Side;American;$;27 W 72nd St, New York, NY 10023, USA
Danal;90 E 10th St;East Village;French;$$;90 E 10th St, New York, NY 10003, USA
Daniel;60 E 65th St;Upper East Side;French;$$$$$;60 E 65th St
Danube;30 Hudson St;TriBeCa;Austrian;$$$$$;30 Hudson St
David Burke at Bloomingdales;1000 Third Avenue;American;$$$;;1000 3rd Ave, New York, NY 10022, USA
Davidburke & Donatella;133 E 61st St;Upper East Side;American;$$$$;133 E 61st St, New York, NY 10065, USA
Dawat;210 E 58th St;Midtown East;Indian;$$$;210 E 58th St, New York, NY 10022, USA
DeGrezia;231 E 50th St;Midtown East;Italian;$$$;231 E 50th St, New York, NY 10022, USA
Degustation;239 E Fifth St;East Village;Spanish;$$$;239 E 5th St, New York, NY 10003, USA
Del Frisco's;1221 Sixth Ave;Midtown West;Steakhouse;$$$$;1221 6th Ave, New York, NY 10020, USA
Del Posto;85 10th Ave;Chelsea;Italian;$$$$$;US-NYC-8510, 85 10th Ave, New York, NY 10011, USA
Delmonico's;56 Beaver Street;Financial District;American;$$$$$;56 Beaver St, New York, NY 10004, USA
Delta Grill;700 Ninth Ave;Midtown West;Creole-Cajun;$$;700 Ninth Ave
Demarchelier;50 E. 86th St.;;;;50 East 86th St, New York, NY 10028, USA
Dervish Turkish;146 West 47th Street;Midtown West;Middle Eastern;$$;146 W 47th St, New York, NY 10036, USA
Desnuda;122 E 7th St;East Village;Seafood;$$$;122 E 7th St, New York, NY 10009, USA
Devi;8 E 18th St;Flatiron;Indian;$$$$;8 E 18th St, New York, NY 10003, USA
Dim Sum Go Go;5 E Broadway;Chinatown;Chinese;$;5 E Broadway, New York, NY 10038, USA
Dinosaur Bar-B-Que;646 W 131st St;Harlem;American;$;646 W 131st St, New York, NY 10027, USA
Ditch Plains;29 Bedford St.;;;;29 Bedford St, New York, NY 10014, USA
Diva;341 W Broadway;SOHO;Italian;$$$;341 W Broadway, Boston, MA 02127, USA
Django;480 Lexington Avenue;Midtown East;French;$$$;480 Lexington Ave, New York, NY 10172, USA
Do Hwa;55 Carmine St;Greenwich Village;Korean;$$;55 Carmine St, New York, NY 10014, USA
Dok Suni;119 First Ave;East Village;Korean;$$;1st Avenue & E 119th St, New York, NY 10035, USA
Dolce Vita;181 Grand Street;;;;181 Grand St, New York, NY 10013, USA
Don Giovanni Ristorante;214 Tenth Avenue;Chelsea;Italian;$;214 Amsterdam Ave, New York, NY 10023, USA
Don Pedro's;1865 Second Ave;Upper East Side;Caribbean;$$;1865 2nd Ave, New York, NY 10029, USA
Donguri;309 E 83rd St;Upper East Side;Japanese;$$$;309 E 83rd St, New York, NY 10028, USA
Dos Caminos;825 Third Ave.;Mexican;$$$;;825 3rd Ave, New York, NY 10022, USA
Dos Caminos Park;373 Park Ave South;Gramercy Park;Mexican;$$;373 Park Ave S, New York, NY 10154, USA
Dos Caminos Soho;475 West Broadway;SOHO;Mexican;$$$;475 W Broadway, New York, NY 10012, USA
Doyers Vietnamese;11-13 Doyers St;Chinatown;Asian;$;11 Doyers St #13, New York, NY 10013, USA
Duane Park Cafe;157 Duane St;TriBeCa;American;$$$;157 Duane St, New York, NY 10013, USA
Duke's;99 E. 19th St.;Barbecue;$$$;;99 E 19th St, New York, NY 10003, USA
Dylan Prime;62 Laight St;TriBeCa;Steakhouse;$$$$$;62 Laight St, New York, NY 10013, USA
E.A.T.;1064 Madison Avenue;Upper East Side;American;$$;1064 Madison Ave, New York, NY 10028, USA
East Of Eighth;254 West 23rd St;;;;254 W 23rd St, New York, NY 10011, USA
Eatery;798 9th Ave;Midtown West;American;$;798 9th Ave, New York, NY 10019, USA
Eight Mile Creek;240 Mulberry St;Little Italy;Australian;$$;240 Mulberry St, New York, NY 10012, USA
El Charro Espanol;4 Charles St;Greenwich Village;Spanish;$$$;4 Charles St #3004, New York, NY 10014, United States
El Faro;823 Greenwich St;West Village;Spanish;$$;823 Greenwich St, New York, NY 10014, USA
El Malecon;4141 Broadway;Harlem;Caribbean;$;4141 Broadway, New York, NY 10033, USA
El Parador Cafe;325 E 34th St;Murray Hill;Mexican;$$;325 E 34th St, New York, NY 10016, USA
El Pote;718 2nd Ave;Murray Hill;Spanish;$$;718 2nd Ave, New York, NY 10016, USA
El Quijote;226 W 23rd St;Chelsea;Spanish;$$;226 W 23rd St
El Rio Grande;160 East 38th Street;Midtown East;Southwestern;$$$;160 East 38th Street, New York, NY 10016, USA
Elaine's Restaurant;1703 Second Ave;Upper East Side;American;$$$;1703 2nd Ave, New York, NY 10128, USA
Elephant;The, 58 E First St;East Village;French;$$;The, 58 E First St
Eleven Madison Park;11 Madison Ave;Gramercy Park;American;$$$$$;11 Madison Ave, New York, NY 10010, United States
Elmo;156 Seventh Ave;Chelsea;American;$$;156 7th Ave, New York, NY 10011, USA
Emack & Bolio's;389 Amsterdam Ave;Upper West Side;American;$;389 Amsterdam Ave, New York, NY 10024, USA
Employees Only;510 Hudson St;West Village;European;$$$;510 Hudson St, Redwood City, CA 94062, USA
En Japanese Brasserie;435 Hudson St;West Village;Japanese;$$$;435 Hudson St, New York, NY 10014, USA
Epicerie;170 Orchard St;East Village;French;$$;170 Orchard St, New York, NY 10002, USA
Epices Inc;103 W 70th St;Upper West Side;Mediterranean;$$;103 W 70th St, New York, NY 10023, USA
Erminia;250 E 83rd St;Upper East Side;Italian;$$$;250 E 83rd St, New York, NY 10028, USA
Esca;402 W 43rd St;Midtown West;Italian;$$$$;402 W 43rd St, New York, NY 10036, USA
Esperanto;145 Ave C;East Village;Nuevo Latino;$$;145 Loisaida Ave, New York, NY 10009, USA
Espn Zone;1472 Broadway;Midtown West;American;$;1472 Broadway, New York, NY 10036, USA
Essex;120 Essex St;Lower East Side;American;$;120 Essex St, New York, NY 10002, USA
Estancia 460;460 Greenwich St;Midtown West;Argentinean;$$;460 Greenwich St, New York, NY 10013, USA
Estiatorio Milos;125 West 55th Street;Midtown West;Greek;$$$$;125 West 55th Street
Etats-Unis;242 E 81st St;Upper East Side;American;$$$;242 E 81st St
Etcetera Etcetera;352 W 44th St;Theater;Italian;$;352 W 44th St, New York, NY 10036, USA
Ethiopian Restaurant;The, 1582 York Ave;Upper East Side;African;$;1582 York Ave, New York, NY 10028, USA
Eva's Health Food;11 W. 8th Street;;;;11 W 8th St, New York, NY 10011, USA
Extra Virgin;259 W 4th St;West Village;Mediterranean;$$;259 West 4th Street, New York, NY 10014, USA
F.illi Ponte;39 Desbrosses St.;Italian;$$$$;;39 Desbrosses St, New York, NY 10013, USA
FR.OG;71 Spring Street;SOHO;French;$$$;71 Spring St, New York, NY 10012, USA
Falai;68 Clinton St;Lower East Side;Italian;$$$;68 Clinton St, New York, NY 10002, USA
Fat Hippo;71 Clinto St.;;;;71 Clinton St, New York, NY 10002, USA
Fatty Crab;643 Hudson Street;Meatpacking District;Indonesian;$$;643 Hudson St, New York, NY 10014, USA
Felidia;243 East 58th Street;Midtown East;Italian;$$$$;243 E 58th St, New York, NY 10022, USA
Felix;340 W Broadway;SOHO;French;$$;340 W Broadway, New York, NY 10013, USA
Fiamma Osteria;206 Spring Street;SOHO;Italian;$$$;206 Spring St, New York, NY 10012, USA
Fig & Olive Kitchen & Tasting Bar;808 Lexington Ave;Upper East Side;Mediterranean;$$;808 Lexington Ave, New York, NY 10065, USA
Fig and Olive Downton;420 W. 13th Street;Meatpacking District;Mediterranean;$$$;420 W 13th St, New York, NY 10014, USA
Film Center Cafe;635 9th Avenue;Midtown West;American;$$;635 9th Ave, New York, NY 10036, USA
Fish;280 Bleecker St;Greenwich Village;Seafood;$$;280 Bleecker St, New York, NY 10014, USA
Five Points;31 Great Jones Street;NoLita;American;$$$;31 Great Jones St, New York, NY 10012, USA
Flea Market Cafe;131 Ave A;East Village;French;$;131 Avenue A, New York, NY 10009, USA
Fleur De Sel;5 E 20th St;Flatiron;French;$$$$$;5 E 20th St, New York, NY 10003, USA
Flor De Mayo;484 Amsterdam Ave;Upper West Side;Chinese;$;484 Amsterdam Ave, New York, NY 10024, USA
Florent;69 Gansevoort St;Meatpacking District;American;$;69 Gansevoort St, New York, NY 10014, USA
Forge;134 Reade St;TriBeCa;American;$$$$;134 Reade St, New York, NY 10013, USA
Franchia Teahouse & Restaurant;12 Park Ave;Murray Hill;Korean;$$;12 Park Ave, New York, NY 10016, USA
Francisco's Centro Vasco;159 W 23rd St;;;;159 W 23rd St, New York, NY 10011, USA
Frank Restaurant;88 Second Ave;East Village;Italian;$;88 2nd Ave, New York, NY 10003, USA
Frank's;410 W 16th St;Chelsea;Italian;$$$;410 W 16th St, New York, NY 10011, USA
Frankie & Johnnie's Steakhouse;32 W 37th St;Midtown West;Steakhouse;$$$;32 W 37th St, New York, NY 10018, USA
Frankie & Johnnie's Steakhouse;269 West 45th Street;Midtown West;Steakhouse;$$$;269 W 45th St, New York, NY 10036, USA
Fred's Restaurant;476 Amsterdam Ave;;;;476 Amsterdam Ave, New York, NY 10024, USA
Frederick's;8 West 58th Street;Midtown West;Asian;$$$;8 West 58th Street
Frederick's Madison;768 Madison Ave;Upper East Side;Mediterranean;$$$$;768 Madison Ave, New York, NY 10065, USA
Freeman;Freeman Alley;Lower East Side;American;$$;Freeman Alley, New York, NY 10002, USA
French Roast;2340 Broadway;Upper West Side;Breakfast;$;2340 Broadway, New York, NY 10024, USA
Fresco by Scotto;34 E 52nd St;Midtown East;Italian;$$$;34 E 52nd St, New York, NY 10022, USA
Fresh;105 Reade St;TriBeCa;Seafood;$$$;105 Reade St, New York, NY 10013, USA
Friend Of a Farmer;77 Irving Pl;Gramercy Park;American;$;77 Irving Pl, New York, NY 10003, USA
Funky Diner;466 Columbus Ave.;Upper West Side;American;$;466 Columbus Ave, New York, NY 10024, USA
Gabriel's Bar & Restaurant;11 W 60th St;Upper West Side;Italian;$$$;11 W 60th St, New York, NY 10023, USA
Gabriela's;688 Columbus Avenue;Upper West Side;Mexican;$$;688 Columbus Ave, New York, NY 10025, USA
Gallaghers;228 W 52nd St;Midtown West;Steakhouse;$$$$;228 W 52nd St, New York, NY 10019, USA
Gammeeok Restaurant;43 W 32nd St;Midtown West;Korean;$;43 W 32nd St, New York, NY 10001, USA
Garage Restaurant and Cafe;99 7th Avenue;Chelsea;American;$$$;99 7th Avenue
Gari;370 Columbus Ave;Upper West Side;Sushi;$$$$$;370 Columbus Ave, New York, NY 10024, USA
Gascogne;158 8th Avenue;Chelsea;French;$$$;158 8th Ave, New York, NY 10011, USA
Gaucho Steak Co.;752 10th Ave.;Argentinean;$$;;752 10th Ave, New York, NY 10019, USA
Gavroche;212 W 14th St;West Village;French;$$$;212 W 14th St, New York, NY 10011, USA
Geisha;33 E 61st St;Upper East Side;Japanese;$$$$;33 E 61st St, New York, NY 10065, USA
Gennaro;665 Amsterdam Ave;Upper West Side;Italian;$$;665 Amsterdam Ave, New York, NY 10025, USA
Ghenet Restaurant;284 Mulberry St;NoLita;African;$;284 Mulberry St, New York, NY 10012, USA
Ginger;1400 Fifth Ave;Upper East Side;Chinese;$;1400 5th Ave, New York, NY 10026, USA
Giorgione 508;508 Greenwich St;SOHO;Continental;$$$;508 Greenwich St, New York, NY 10013, USA
Gobo;1426 Third Ave.;Vegetarian;$$;;1426 3rd Ave, New York, NY 10028, USA
Golden Unicorn;18 E Broadway;;;;18 E Broadway, New York, NY 10002, USA
Gonzalez Y Gonzalez;625 Broadway;SOHO;Mexican;$$$;625 Broadway
Good;89 Greenwich St;West Village;American;$$;89 Greenwich St, New York, NY 10006, USA
Good Enough To Eat;483 West Amsterdam Avenue;Upper West Side;American;$;483 Amsterdam Ave, New York, NY 10024, USA
Goodies;1 E Broadway;Chinatown;Chinese;$;1 E Broadway
Gordon Ramsay;The London NYC;Midtown West;French;$$$$$;151 W 54th St, New York, NY 10019, United States
Gotham Bar & Grill;12 E 12th St;Greenwich Village;American;$$$$;12 E 12th St
Grace's Trattoria Cafe & Grill;201 E 71st St;Upper East Side;Italian;$$$;201 E 71st St, New York, NY 10021, USA
Gramercy Tavern;42 E 20th St;Union Square;American;$$$$;42 E 20th St, New York, NY 10003, USA
Grand Central Oyster Bar/Saloon;89 E 42nd Street, Grand Central Terminal (Lower L;Midtown West;Seafood;$$;89 E 42nd St, New York, NY 10017, United States
Gray's Papaya;539 8th Avenue;Hell's Kitchen;Fast Food;$;539 8th Ave, New York, NY 10018, USA
Gray's Papaya;2090 Broadway;Upper West Side;American;$;2090 Broadway, San Francisco, CA 94115, USA
Great Jones Cafe;54 Great Jones St;NoLita;Southern;$;54 Great Jones St, New York, NY 10012, USA
Great N.Y. Noodle Town;28 Bowery;Chinatown;Chinese;$;28 Bowery, New York, NY 10013, USA
Greenwich Grill;428 Greenwich St;TriBeCa;Californian;$$$;428 Greenwich St, New York, NY 10013, USA
Grey Dog's Coffee Ltd;33 Carmine St;Greenwich Village;American;$;33 Carmine St, New York, NY 10014, USA
Grifone Restaurant;244 E 46th St;Midtown East;Italian;$$$;244 E 46th St, New York, NY 10017, USA
Grotto Azzurra;177 Mulberry St;Little Italy;Italian;$$$;177 Mulberry St, New York, NY 10013, USA
Gus's Place;192 Bleecker Street;Greenwich Village;Greek;$;192 Bleecker St, New York, NY 10012, USA
Gyu-Kaku;805 3rd Ave;Midtown East;Japanese;$$;805 3rd Ave, New York, NY 10022, USA
Gyu-Kaku Japanese;34 Cooper Square;East Village;Japanese;$$;34 Cooper Sq, New York, NY 10003, USA
HQ;90 Thompson St;;;;90 Thompson St, New York, NY 10012, USA
Hallo Berlin;626 10th Ave.;German;$;;626 10th Ave, New York, NY 10036, USA
Hangawi;12 E 32nd Street;Murray Hill;Korean;$$$;12 E 32nd St, New York, NY 10016, USA
Haru;433 Amsterdam Ave;Upper West Side;Japanese;$$;433 Amsterdam Ave, New York, NY 10024, USA
Haru Japanese;205 West 43rd St;Midtown West;Japanese;$$;205 W 43rd St, New York, NY 10036, USA
Haru-Park Ave.;280 Park Ave;Flatiron;Sushi;$$;280 Park Ave, New York, NY 10020, USA
Hasaki;210 E Ninth St;East Village;Sushi;$$;210 E 9th St SW, Rome, GA 30161, USA
Hatsuhana;237 Park Ave;Midtown East;Sushi;$$$$;237 Park Ave, New York, NY 10017, USA
Havana Alma De Cuba;94 Christopher St;West Village;Cuban;$$;94 Christopher St, New York, NY 10014, USA
Havana Central;151 W 46th Street;Midtown West;Cuban;$$;151 W 46th St, New York, NY 10036, USA
Havana Central - Union Square;22 E 17th St;Union Square;Cuban;$$;22 E 17th St, New York, NY 10003, USA
Haveli;100 Second Ave;East Village;Indian;$$;100 2nd Ave, New York, NY 10003, USA
Hea;145 E. 13th St.;East Village;Pan-Asian;$$$;145 E 13th St, North Vancouver, BC V7L 2L3, Canada
Hearth;403 E 12th St;East Village;American;$$$$;403 E 12th St, New York, NY 10009, USA
Heartland Brewery;1285 Sixth Ave;Midtown West;American;$$;1285 6th Ave, New York, NY 10019, USA
Hedeh;57 Great Jones St;NoLita;Sushi;$$$;57 Great Jones St, New York, NY 10012, USA
Heidelberg;1648 2nd Ave;Upper East Side;German;$$;1648 2nd Ave, New York, NY 10028, USA
Hell's Kitchen;679 Ninth Ave;Midtown West;Mexican;$$$;679 9th Ave, New York, NY 10036, USA
Highline;835 Washington St;Meatpacking District;Asian;$$;835 Washington St, New York, NY 10014, USA
Hill Country;30 W. 26th St.;Chelsea;Barbecue;$$;30 W 26th St, New York, NY 10010, USA
Hispaniola;839 W 181st St;Harlem;Asian;$$;839 W 181st St, New York, NY 10033, USA
Holy Basil;149 Second Ave;East Village;Asian;$;149 2nd Ave, New York, NY 10003, USA
Home;20 Cornelia St;Greenwich Village;American;$$;20 Cornelia St, New York, NY 10014, USA
Houston's;378 Park Ave. S.;American;$$;;378 Park Ave S, New York, NY 10010, USA
Houston's Restaurant;153 E 53rd St;Midtown East;American;$$;153 E 53rd St, New York, NY 10022, USA
Hsf;46 Bowery;Chinatown;Chinese;$;46 Bowery, New York, NY 10013, USA
Hudson Cafeteria;356 West 58th Street;Midtown West;American;$$$;356 W 58th St, New York, NY 10019, USA
Hudson River Café;697 West 133rd ST.;Harlem;American;$$;697 W 133rd St, New York, NY 10027, USA
Hummus Place;109 St. Marks Pl.;;;;109 St Marks Pl, New York, NY 10009, USA
Hunan Park Restaurant;235 Columbus Ave;;;;235 Columbus Ave, New York, NY 10023, USA
I Coppi;432 E Ninth St;East Village;Italian;$$$;432 E 9th St, New York, NY 10009, USA
I Sodi;105 Christopher St;Greenwich Village;Italian;$$$;105 Christopher St, New York, NY 10014, USA
I Tre Merli;463 W Broadway;SOHO;Italian;$$$;463 W Broadway, New York, NY 10012, USA
I Trulli;122 E 27th St;Gramercy Park;Italian;$$$;122 E 27th St, New York, NY 10016, USA
Icon;130 E 39th Street;Midtown East;American;$$$;130 E 39th St, New York, NY 10016, USA
Ideya;349 W Broadway;SOHO;Caribbean;$$;349 W Broadway, New York, NY 10013, USA
Iguana;240 W 54th St;;;;240 W 54th St, New York, NY 10019, USA
Il Bagatto;192 E Second St;East Village;Italian;$$;192 E 2nd St, New York, NY 10009, USA
Il Bastardo;191 Seventh Ave;Chelsea;Steakhouse;$$$;191 7th Ave, New York, NY 10011, USA
Il Brigante;214 Front St.;Financial District;Italian;$$;214 Front St, New York, NY 10038, USA
Il Buco;47 Bond St;NoLita;Italian;$$$;47 Bond St, New York, NY 10012, USA
Il Cantinori;32 East 10th St;Greenwich Village;Italian;$$$$;32 E 10th St, New York, NY 10003, USA
Il Cortile;125 Mulberry St;Little Italy;Italian;$$$;125 Mulberry St, New York, NY 10013, USA
Il Gattopardo;33 W 54th St;Midtown West;Italian;$$$;33 W 54th St
Il Giglio;81 Warren St;TriBeCa;Italian;$$$$;81 Warren St, Brooklyn, NY 11201, USA
Il Mulino;86 W 3rd St;Greenwich Village;Italian;$$$$;86 W 3rd St, New York, NY 10012, USA
Il Valentino;330 East 56th Street;Midtown East;Italian;$$$;330 E 56th St, New York, NY 10022, USA
Inagiku;111 East 49th Street;Midtown East;Sushi;$$$$;111 E 49th St, New York, NY 10017, USA
Indochine;430 Lafayette St;East Village;French;$$$;430 Lafayette St, New York, NY 10003, USA
Indus Valley;2636 Broadway;Upper West Side;Indian;$$;2636 SW Broadway St, Albany, OR 97321, USA
Industria Argentina;329 Greenwich St.;Argentinean;$$$;;329 Greenwich St, New York, NY 10013, USA
Inn LW12;7 Ninth Avenue;Meatpacking District;British;$$$;7 Ninth Ave, Coorparoo QLD 4151, Australia
Insieme;777 Seventh Avenue;Midtown West;Italian;$$$$;777 6th Ave, New York, NY 10001, USA
Ippudo;65 4th Ave;East Village;Japanese;$$$;65 4th Ave, New York, NY 10003, USA
Isabella's;359 Columbus Ave;Upper West Side;American;$$;359 Columbus Ave, New York, NY 10024, USA
Island Burgers & Shakes;766 9th Ave;Midtown West;American;$;766 9th Ave, New York, NY 10019, USA
It's A Dominican Thing;144 W 19th St;Chelsea;Caribbean;$;144 W 19th St, New York, NY 10011, USA
Ithaka;308 E 86th St;Upper East Side;Greek;$$$;308 East 86th St, New York, NY 10028, USA
Ivo & Lulu;558 Broome St;SOHO;Caribbean;$;558 Broome St, New York, NY 10013, USA
Jack's Luxury Oyster Bar;246 E Fifth St;East Village;Continental;$$$$;246 E Fifth St
Jacks Bar and Restaurant;147West 40th Street;Theater;American;$$$;W 40th St, New York, NY 10018, USA
Jackson Hole;232 E 64th St;;;;232 E 64th St, New York, NY 10065, USA
Jacques-Imo's;366 Columbus Ave;Upper West Side;Creole-Cajun;$$;366 Columbus Ave, New York, NY 10024, USA
Jaipur's;1007 2nd Avenue;Midtown East;Indian;$;1007 2nd Ave, New York, NY 10022, USA
Jane;100 W Houston St;Greenwich Village;American;$$$;100 W Houston St
Japonica;100 University Pl;Greenwich Village;Sushi;$$$;100 University Pl, New York, NY 10003, USA
Jarnac;328 W 12th St;West Village;French;$$$;328 W 12th St, New York, NY 10014, USA
Jean Georges;1 Central Park W;Upper West Side;French;$$$$$;1 Central Park West, New York, NY 10023, USA
Jekyll & Hyde Club;1409 Ave Of The Americas;Greenwich Village;American;$$;1409 6th Ave, New York, NY 10019, USA
Jerry's;101 Prince St;SOHO;American;$$;101 Prince St, Boston, MA 02113, USA
Jewel Of India;15 W 44th St;Midtown West;Indian;$$;15 W 44th St, New York, NY 10036, USA
Jezebel;630 Ninth Ave;Midtown West;Southern;$$$;630 9th Ave, New York, NY 10036, USA
JoJo;160 E 64th St;Upper East Side;French;$$$$;160 E 64th St, New York, NY 10065, USA
Joe's Pizza;7 Carmine St;Greenwich Village;Pizza;$;7 Carmine St, New York, NY 10014, USA
Joe's Shanghai Restaurant;St Pell St Fl 1;Midtown West;Chinese;$;Pell St, New York, NY, USA
John's Of 12th Street;302 E 12th St;East Village;Italian;$$;302 E 12th St, New York, NY 10003, USA
John's Pizzeria;408 E 64th St;Upper East Side;Pizza;$;408 E 64th St, New York, NY 10065, USA
Johnny Utah's;25 W. 51st St.;;;;25 W 51st St, New York, NY 10104, USA
Joseph's Restaurant;St Hanover Sq;Wall Street;Italian;$$$;St Hanover Sq
Josie's;300 Amsterdam Avenue;Upper West Side;International;$$;300 Amsterdam Ave, New York, NY 10023, USA
Jules;65 St Marks Pl;East Village;French;$$;65 St Marks Pl, New York, NY 10003, USA
Kabab Factory;101 Lexington Avenue;Murray Hill;Indian;$$;101 Lexington Ave, New York, NY 10016, USA
Kai;822 Madison Ave;Upper East Side;Japanese;$$$$;822 Madison Ave
Kaijou;21 South End Street;Financial District;Japanese;$$;21 South End Ave, New York, NY 10280, USA
Kampuchea;78 Rivington St.;Cambodian;;;78 Rivington St, New York, NY 10002, USA
Kang Such Restaurant;1250 Broadway;Midtown West;Korean;$$;1250 Broadway, New York, NY 10001, USA
Kanoyama;175 Second Ave;East Village;Sushi;$$;175 Second Ave
Katz's Delicatessen;205 East Houston Street;Lower East Side;Deli;$;205 E Houston St, New York, NY 10002, USA
Keens Steakhouse;72 W 36th St;Midtown West;Steakhouse;$$$;72 W 36th St, New York, NY 10018, USA
Kefi;222 W. 79th St.;Upper West Side;Greek;$$$;222 W 79th St, New York, NY 10024, USA
Kellari Taverna;19 W 44th St;Midtown West;Greek;$$;19 W 44th St, New York, NY 10036, USA
Kelley & Ping;127 Greene St;SOHO;Asian;$;127 Greene St, New York, NY 10012, USA
Kin Khao;171 Spring Street;SOHO;Asian;$$;171 Spring St, New York, NY 10012, USA
Kings' Carriage House;251 E 82nd St;Upper East Side;Continental;$$$;251 E 82nd St, New York, NY 10028, USA
Kinoko Japanese Restaurant;165 W 72nd Street;Japanese;$$;;165 W 72nd St, New York, NY 10023, USA
Kittichai;60 Thompson St;SOHO;Thai;$$$$;60 Thompson St, New York, NY 10012, USA
Klee Brasserie;200 9th Avenue;Chelsea;American;$$$;200 9th Ave, New York, NY 10011, USA
Klong;7 St Marks Pl;East Village;Asian;$;7 St Marks Pl, New York, NY 10003, USA
Knickerbocker Bar & Grill;33 University Pl;Greenwich Village;American;$$$;33 University Pl Blvd, Jersey City, NJ 07305, USA
Koi;40 W 40th St;Midtown West;Asian;$$$$;W 40th St, New York, NY 10018, USA
Kori;253 Church St;TriBeCa;Korean;$$;253 Church St, New York, NY 10013, USA
Kum Gang San;49 W 32nd St;Midtown West;Korean;$$;49 W 32nd St, New York, NY 10001, USA
Kuma Inn;113 Ludlow St;Lower East Side;Southeast Asian;$$;113 Ludlow St, New York, NY 10002, USA
Kuruma Zushi;7 E 47th St, 2nd Fl;Midtown East;Sushi;$$$$$;7 E 47th St 2nd Fl, New York, NY 10017, USA
Kwik Meal;Food Cart;Theater;Middle Eastern;$;Food Cart
Kyma;300 W 46th St;Midtown West;Greek;$$$;300 W 46th St, New York, NY 10036, USA
Kyo Ya;94 E 7th St;East Village;Japanese;$$$$;94 E 7th St, New York, NY 10009, USA
L'Allegria;623 9th Ave;Theater;Italian;$$;623 9th Ave, New York, NY 10036, USA
L'Atelier de Joel Robuchon;57 E. 57th Street;Midtown East;French;$$$$$;57 E. 57th Street
L'Ecole;462 Broadway;SOHO;French;$$$;462 Broadway
L'Entrecote;1057 First Ave.;;;;1057 1st Avenue, New York, NY 10022, USA
L'Impero - CLOSED;45 Tudor City Pl;Midtown East;Italian;$$$$;45 Tudor City Pl, New York, NY 10017, USA
La Belle Vie;184 Eighth Ave;Chelsea;French;$$;184 8th Ave, New York, NY 10011, USA
La Bergamote;169 Ninth Ave;Chelsea;French;$;169 9th Ave, New York, NY 10011, USA
La Boite En Bois;75 W 68th St;Upper West Side;French;$$$;75 W 68th St, New York, NY 10023, USA
La Goulue;746 Madison Ave;Upper East Side;French;$$$;746 Madison Ave, New York, NY 10065, USA
La Grenouille;3 E 52nd St;Midtown East;French;$$$$;3 E 52nd St, New York, NY 10022, USA
La Grolla;413 Amsterdam Ave;;;;413 Amsterdam Ave, New York, NY 10024, USA
La Lunchonette;130 10th Ave;Chelsea;French;$$;130 10th Ave, New York, NY 10011, USA
La Mela Ristorante;167 Mulberry St;Little Italy;Italian;$$;167 Mulberry St, New York, NY 10013, USA
La Paella;214 E Ninth St;East Village;Spanish;$$;214 E 9th St, New York, NY 10003, USA
La Palapa;77 St Marks Pl;Greenwich Village;Mexican;$$;77 St Marks Pl, New York, NY 10003, USA
La Pizza Fresca Ristorante;31 E 20th St;Union Square;Italian;$$;31 E 20th St, New York, NY 10003, USA
La Taza De Oro;96 Eighth Ave;Chelsea;Caribbean;$;96 8th Ave, New York, NY 10011, USA
La Tour;1319 3rd Ave.;French;$$$$;;1319 3rd Ave.
La Vela;373 Amsterdam Ave;Upper West Side;Italian;$$;373 Amsterdam Ave, New York, NY 10024, USA
La Vineria;737 9th Ave.;;;;737 9th Ave, New York, NY 10019, USA
Lan;56 Third Ave;East Village;Sushi;$$;56 Third Ave, Port Kembla NSW 2505, Australia
Land;450 Amsterdam Ave;;;;450 Amsterdam Ave, New York, NY 10024, USA
Land Thai Kitchen;450 Amsterdam Ave;Upper West Side;Thai;$$;450 Amsterdam Ave, New York, NY 10024, USA
Land Thai Kitchen;1565 Second Avenue;;;;1565 2nd Ave, New York, NY 10028, USA
Landmarc;10 Columbus Circle, 3rd floor;Upper West Side;French;$$$;10 Columbus Cir 3rd floor, New York, NY 10019, USA
Landmarc;179 W Broadway;Gramercy Park;French;$$$;179 W Broadway, New York, NY 10013, USA
Lasagna Ristorante;785 9th ave;Hell's Kitchen;Italian;$$;785 9th Ave, New York, NY 10019, USA
Lavagna;545 E. Fifth St.;Italian;$$$;;545 E 5th St, Boston, MA 02127, USA
Le Bernardin;155 W 51st St;Midtown West;Seafood;$$$$$;155 W 51st St, New York, NY 10019, USA
Le Bilboquet;25 E 63rd St;Upper East Side;French;$$$;25 E 63rd St, New York, NY 10065, USA
Le Boeuf a La Mode;539 E 81st St;Upper East Side;French;$$$;539 E 81st St
Le Gamin;522 Hudson St;West Village;French;$;522 Hudson St, Hoboken, NJ 07030, USA
Le Gigot;18 Cornelia St;Greenwich Village;French;$$$;18 Cornelia St, New York, NY 10014, USA
Le Jardin Bistro;25 Cleveland Pl;NoLita;French;$$$;25 Cleveland Pl, New York, NY 10012, USA
Le Madeleine;403 W 43rd Street;Midtown West;French;$$$;403 W 43rd St, New York, NY 10036, USA
Le Miu;107 Ave. A;Sushi;$$$;;107 Avenue A, New York, NY 10009, USA
Le Monde;2885 Broadway;Harlem;French;$$;2885 Broadway, New York, NY 10025, USA
Le Pere Pinard;175 Ludlow St;Lower East Side;French;$$;175 Ludlow St, New York, NY 10002, USA
Le Perigord;405 E 52nd St (Between Fdr Dr & 1st Avenue);Midtown East;French;$$$;405 E 52nd St (Between Fdr Dr & 1st Avenue)
Le Souk;47 Ave B;Midtown East;African;$$;47 Avenue B, New York, NY 10009, USA
Le Zie 2000;172 Seventh Ave;Chelsea;Italian;$$;172 7th Ave, New York, NY 10011, USA
Leela Lounge;1 W. Third St.;Indian;$$;;1 W 3rd St, Media, PA 19063, USA
Les Enfants Terribles;37 Canal St;Lower East Side;African;$$;37 Canal St, New York, NY 10002, USA
Les Halles;411 Park Ave S;Gramercy Park;French;$$$;411 Park Ave S, New York, NY 10016, USA
Les Halles;15 John St;Financial District;French;$$$;15 John St, Selden, NY 11784, USA
Lima's Taste;122 Christopher St;West Village;South American;$;122 Christopher St, New York, NY 10014, USA
Lime Leaf;2799 Broadway;;;;2799 Broadway, San Francisco, CA 94115, USA
Lisca;660 Amsterdam Ave;;;;660 Amsterdam Ave, New York, NY 10025, USA
Little Giant;85 Orchard St;Lower East Side;American;$$$$;85 Orchard St
Little Owl;90 Bedford Street;West Village;American;$$$;Apartment Building from the TV Show Friends, 90 Bedford St, New York, NY 10014, USA
Little Pie Company;Grand Central Station;Midtown East;Bakery;$;Grand Central Station
Loft;505 Columbus Ave;Upper West Side;Mediterranean;$$;505 Columbus Ave, New York, NY 10024, USA
Lombardi's;32 Spring St;NoLita;Pizza;$;32 Spring St, New York, NY 10012, USA
Lomito;300 Spring St;SOHO;Argentinean;$$$;300 Spring St, New York, NY 10013, USA
Londel's Supper Club;2620 Frederick Douglas Blvd;Harlem;Southern;$$;2620 Frederick Douglass Blvd, New York, NY 10030, USA
London Bar;151 W. 54th Street;Midtown West;French;$$$$;151 W 54th St, New York, NY 10019, USA
Loreley;7 Rivington St.;German;;;7 Rivington St, New York, NY 10002, USA
Los Dos Molinos;119 E 18th St;Gramercy Park;Southwestern;$$;119 E 18th St, Chicago, IL 60616, USA
Loside;157 E Houston Street;Lower East Side;American;$;157 E Houston St, New York, NY 10002, USA
LuLu;235 Mulberry Street;;;;235 Mulberry St, New York, NY 10012, USA
Lucien;14 1st Ave;East Village;French;$$;14 1st Avenue, New York, NY 10009, USA
Lucy Latin Kitchen;35 E 18th St;Flatiron;Nuevo Latino;$$$;35 E 18th St, New York, NY 10003, USA
Lupa;170 Thompson St;Greenwich Village;Italian;$$$$;170 Thompson St, New York, NY 10012, USA
Lure;142 Mercer St, Downstairs;SOHO;Seafood;$$$$;142 Mercer St, New York, NY 10012, USA
Lusardi's;1494 Second Ave;Upper East Side;Italian;$$$$;1494 2nd Ave, New York, NY 10075, USA
Luzia's;429 Amsterdam Ave.;;;;429 Amsterdam Ave, New York, NY 10024, USA
Macelleria;48 Gansevoort St;Meatpacking District;Italian;$$$;48 Gansevoort St, New York, NY 10014, USA
Madison Bistro;238 Madison Ave;Murray Hill;French;$$$;238 Madison Ave, New York, NY 10016, USA
Mai House;186 Franklin Street;TriBeCa;Vietnamese;$$$;186 Franklin St, New York, NY 10013, USA
Malatesta Trattoria;649 Washington St;West Village;Italian;$$;649 Washington St, New York, NY 10014, USA
Maloney & Porcelli;37 E 50th St;Midtown East;Steakhouse;$$$$;37 E 50th St, New York, NY 10022, USA
Mama Mexico;214 E. 49th St.;;;;214 E 49th St, New York, NY 10017, USA
Mama! Mexico;2672 Broadway;Midtown East;Mexican;$$;2672 Broadway, New York, NY 10025, USA
Mama's Food Shop;200 E Third St;East Village;American;$;200 E Third St
Mamlouk;211 East 4th St;East Village;Middle Eastern;$$$;211 E 4th St, New York, NY 10009, USA
Mamoun's Falafel Restaurant;119 MacDougal St.;;;;119 MacDougal St, New York, NY 10012, USA
Mandarin Court;61 Mott St;Chinatown;Chinese;$;61 Mott St, New York, NY 10013, USA
Mandoo Bar;2 W 32nd St;Midtown West;Korean;$;2 W 32nd St, New York, NY 10001, USA
Mangia;50 W 57th St Fl 1;Midtown East;Italian;$;50 W 57th St Fl 1, New York, NY 10019, USA
Mara's Homemade;342 E Sixth St;East Village;Creole-Cajun;$$;342 E 6th St, New York, NY 10003, USA
Mare;198 Eighth Ave;Chelsea;Seafood;$$;198 8th Ave, New York, NY 10011, USA
Maremma;228 W 10th St;West Village;Italian;$$$;228 W 10th St, New York, NY 10014, USA
MarkJoseph Steakhouse;261 Water St;Financial District;Steakhouse;$$$$;261 Water St, Augusta, ME 04330, USA
Market Table;54 Carmine St;American;$$$$;;54 Carmine St, New York, NY 10014, USA
Markt;676 6th Avenue;Flatiron;Belgian;$$$;676 6th Ave, New York, NY 10010, USA
Maroons;244 W 16th St;Chelsea;Southern;$$;244 W 16th St, New York, NY 10011, USA
Marseille;630 Ninth Ave;Midtown West;French;$$$;630 9th Ave, New York, NY 10036, USA
Mary Anns Mexican Restaurant;1503 2nd Ave;;;;1503 2nd Ave, New York, NY 10075, USA
Mary's Fish Camp;64 Charles St;West Village;Seafood;$$;Via Charles Gounod, 20092 Cinisello Balsamo MI, Italy
Mas (farmhouse);39 Downing St;Greenwich Village;American;$$$$;39 Downing St, New York, NY 10014, USA
Masa;10 Columbus Circle;Upper West Side;Japanese;$$$$$;10 Columbus Cir, New York, NY 10019, USA
Matsuri;369 W 16th St;;;;369 W 16th St, New York, NY 10011, USA
Max;1274 Amsterdam Ave;East Village;Italian;$;1274 Amsterdam Ave, New York, NY 10027, USA
Maya;1191 First Avenue;Midtown East;Mexican;$$$$;1191 First Avenue
Mccormick & Schmick's;1285 Sixth Ave;Midtown West;Seafood;$$$;1285 6th Ave, New York, NY 10019, USA
Mediterraneo;1260 Second Ave;Upper East Side;Italian;$$;1260 2nd Ave, New York, NY 10065, USA
Megu;62 Thomas St;TriBeCa;Japanese;$$$$$;62 Thomas St
Megu Midtown;845 United Nations Plaza;Midtown East;Japanese;$$$$$;845 United Nations Plaza, New York, NY 10017, USA
Meltemi;905 First Ave;Midtown East;Greek;$$$;905 1st Avenue, New York, NY 10022, USA
Mercadito;179 Ave B;East Village;Mexican;$$;179 Avenue B, New York, NY 10009, USA
Mercadito Grove;100 Seventh Ave S;West Village;Mexican;$$;100 Seventh Ave S
Mercat;45 Bond Street;SOHO;Spanish;$$$$;45 Bond St, New York, NY 10012, USA
Mercer Kitchen;99 Prince Street;SOHO;American;$$$$;99 Prince St, New York, NY 10012, USA
Mermaid Inn;96 Second Ave;East Village;Seafood;$$$;96 2nd Ave, New York, NY 10003, USA
Mesa Grill;102 5th Ave;Flatiron;Southwestern;$$$$;102 5th Ave, New York, NY 10011, USA
Meskerem;468 W. 47th St.;Ethiopian;;;468 W 47th St, New York, NY 10036, USA
Metisse;239 W 105th St;Upper West Side;French;$$$;239 W 105th St, New York, NY 10025, USA
Metropol;234 W Fourth St;Greenwich Village;French;$$$;234 W Fourth St
Mexican Radio;250 Mulberry St;NoLita;Mexican;$$;250 Mulberry St, New York, NY 10012, USA
Mexicana Mama;525 Hudson St;West Village;Mexican;$$;525 Hudson St, New York, NY 10014, USA
Mezzaluna;1295 3rd Ave;Upper East Side;American;$$;1295 3rd Ave, New York, NY 10021, USA
Mi Cocina;57 Jane St;West Village;Mexican;$$$;57 Jane St, New York, NY 10014, USA
Michael Jordan's The Steakhouse N.Y.C.;23 Vanderbilt Ave - Grand Central Staion;Midtown East;Steakhouse;$$$;23 Vanderbilt Ave - Grand Central Staion
Michael's;24 W 55th St;Midtown West;Californian;$$$$;24 W 55th St, New York, NY 10019, USA
Mickey Mantle's;42 Central Park South;Midtown East;American;$$$;42 Central Park S, New York, NY 10019, USA
Midtown;155 E 55th Street;Midtown East;American;$;157 E 55th St, New York, NY 10022, United States
Mill Korean;2895 Broadway;Harlem;Korean;$;2895 Broadway, New York, NY 10025, USA
Minetta Tavern;113 Macdougal Street;Greenwich Village;Italian;$$$;113 MacDougal St, New York, NY 10012, USA
Mingala Burmese;21-23 E Seventh St;East Village;Southeast Asian;$;21 E 7th St #23, New York, NY 10003, USA
Miracle Bar & Grill;415 Bleecker St;West Village;Southwestern;$$;415 Bleecker St, New York, NY 10014, USA
Miss Maude's Spoonbread Too;547 Lenox Ave;Harlem;Southern;$;547 Lenox Ave, New York, NY 10037, USA
Mo Pitkin's;34 Ave A;East Village;Jewish;$$;34 Avenue A, New York, NY 10009, USA
Mobay Uptown Restaurant & Barbecue;17 W 125th St;Harlem;Caribbean;$;17 W 125th St, New York, NY 10027, USA
Mofongo Depot;931 Amsterdam Ave;Upper West Side;Nuevo Latino;$$;931 Amsterdam Ave, New York, NY 10025, USA
Molyvos;871 7th Avenue;Midtown West;Greek;$$$;871 7th Ave, New York, NY 10019, USA
Momofuku Ko;163 First Ave;East Village;Chinese;$$$$;163 1st Avenue, New York, NY 10003, USA
Momofuku Noodle Bar;171 First Ave.;East Village;Chinese;$$$;171 1st Avenue, New York, NY 10003, USA
Momofuku Ssam Bar;207 2nd Ave;East Village;Asian;$$$;207 2nd Ave, New York, NY 10003, USA
Momoya;185 Seventh Ave;;;;185 Seventh Ave, Inglewood WA 6052, Australia
Mon Petit Cafe;801 Lexington Ave;Upper East Side;French;$$;801 Lexington Ave, New York, NY 10065, USA
Monkey Bar;60 E 54th Street;Midtown East;American;$$$$;60 E 54th St, New York, NY 10022, USA
Monster Sushi;158 West 23rd St;;;;158 W 23rd St, New York, NY 10011, USA
Montebello;120 E 56th St;Midtown East;Italian;$$$;120 E 56th St, New York, NY 10022, USA
Montrachet - CLOSED;239 W Broadway;West Village;French;$$$$;239 W Broadway, Granville, OH 43023, USA
Moran's;146 Tenth Ave;Chelsea;Seafood;$$$;146 Amsterdam Ave, New York, NY 10023, USA
Morandi;211 Waverly Place;Greenwich Village;Italian;$$$;211 Waverly Pl, New York, NY 10014, USA
Morimoto;88 10th Ave;Chelsea;Japanese;$$$$;88 10th Ave, New York, NY 10011, USA
Morrell Wine Bar & Cafe;1 Rockefeller Plaza;Midtown West;American;$$$;1 Rockefeller Plaza 48Th and, W 49th St, New York, NY 10020, United States
Morton's;The Steakhouse, 551 Fifth Ave;Midtown East;Seafood;$$$$;551 5th Ave, New York, NY 10017, United States
Moustache;90 Bedford Street;West Village;Middle Eastern;$;Apartment Building from the TV Show Friends, 90 Bedford St, New York, NY 10014, USA
Mr. Chow;324 E 57th St;Midtown East;Chinese;$$$$;324 E 57th St, New York, NY 10022, USA
Mr. K's;570 Lexington Ave;Midtown East;Chinese;$$$;570 Lexington Ave
Mrs Lee & Shabu Shabu Wok;121 University Pl;West Village;Asian;$;121 University Pl, New York, NY 10003, USA
Mughlai;320 Columbus Ave;Upper West Side;Indian;$$;320 Columbus Ave, New York, NY 10023, USA
Mustang Sally's;324 Seventh Avenue;Chelsea;American;$$;324 7th Ave, New York, NY 10001, USA
Nebraska Beef;15 Stone St;Wall Street;Steakhouse;$$$$;15 Stone St, New York, NY 10004, USA
Nelson Blue;233 Front Street;Financial District;British;$$;233 Front Street
Neo Sushi;2298 Broadway;Upper West Side;Sushi;$$$$;2298 Broadway, New York, NY 10024, USA
Neptune Room;511 Amsterdam Ave;Upper West Side;Seafood;$$$$;511 Amsterdam Ave, New York, NY 10024, USA
Nero;46 Gansevoort St;Meatpacking District;Italian;$$$;46 Gansevoort St, New York, NY 10014, USA
New Bo-Ky;80 Bayard St;Chinatown;Asian;$;80 Bayard St, New York, NY 10013, USA
New York Noodle Town;28 Bowery at Bayard Street;SOHO;Asian;$;28 Bowery, New York, NY 10013, USA
Nha Trang;87 Baxter St;Chinatown;Asian;$;87 Baxter St, New York, NY 10013, USA
Nice;35 E Broadway;Chinatown;Chinese;$;35 E Broadway, New York, NY 10002, USA
Nick's;1814 Second Ave;Upper East Side;Italian;$;1814 2nd Ave, New York, NY 10128, USA
Nicky's Vietnamese Sandwiches;150 E 2nd St;East Village;American;$;150 E 2nd St, Brooklyn, NY 11218, USA
Nicole's;10 East 60th Street;Midtown East;British;$$;10 E 60th St, New York, NY 10022, USA
Niko's Mediterranean Grill;2161 Broadway;Upper West Side;Greek;$;2161 Broadway, New York, NY 10024, USA
Nino's Bellissima Pizza;890 Second Ave.;Midtown East;Italian;$$$;890 2nd Ave, New York, NY 10017, USA
Noble Food & Wine;7 Spring Street;NoLita;American;$$$;7 Spring St, New York, NY 10012, USA
Nobu Fifty Seven;40 W 57th St;Midtown West;Japanese;$$$$$;40 W 57th St, New York, NY 10019, USA
Nobu New York;105 Hudson St;TriBeCa;Japanese;$$$$;105 Hudson St, New York, NY 10013, USA
Nobu Next Door;105 Hudson St;TriBeCa;Sushi;$$$$;105 Hudson St, New York, NY 10013, USA
Nocello;257 West 55th St;Midtown West;Italian;$$$;257 W 55th St, New York, NY 10019, USA
Nocello;257 West 55th Street;Theater;Italian;$$$$;257 W 55th St, New York, NY 10019, USA
Nonna;520 Columbus Ave;;;;520 Columbus Ave, New York, NY 10024, USA
Norma's;118 West 57th Street;Midtown West;American;$$;118 W 57th St, New York, NY 10019, USA
North Square Restaurant and Lounge;103 Waverly Place;Greenwich Village;American;$$$$;103 Waverly Pl, New York, NY 10011, USA
Nougatine;1 Central Park West;American;$$$$;;1 Central Park West, New York, NY 10023, USA
Novecento;343 W Broadway;SOHO;South American;$$$;343 W Broadway, New York, NY 10013, USA
Novita;102 E 22nd Street;Gramercy Park;Italian;$$$;102 E 22nd St, New York, NY 10010, USA
Nyonya;194 Grand Street;Little Italy;Malaysian;$;194 Grand St, New York, NY 10013, USA
Ocean Grill;384 Columbus Ave;Upper West Side;Seafood;$$$;384 Columbus Ave, New York, NY 10024, USA
Oceana;55 E 54th St;Midtown East;Seafood;$$$$;55 E 54th St, New York, NY 10022, USA
Odeon;145 W Broadway;TriBeCa;French;$$$;145 W Broadway, New York, NY 10013, USA
Old Devil Moon;511 E 12th St;East Village;Southern;$;511 E 12th St, New York, NY 10009, USA
Old Homestead;56 9th Ave;Meatpacking District;Steakhouse;$$$$;56 9th Ave, New York, NY 10011, USA
Oliva;161 East Houston Street;Lower East Side;American;$$;161 E Houston St, New York, NY 10002, USA
Olives;201 Park Ave S - W Hotel;Union Square;Mediterranean;$$$;201 Park Ave S, New York, NY 10003, United States
Ollie's Restaurant;1991 Broadway;Upper West Side;Chinese;$;1991 Broadway, New York, NY 10023, USA
Omen;113 Thompson Street;SOHO;Japanese;$$$;113 Thompson St, New York, NY 10012, USA
Once Upon a Tart;135 Sullivan Street;SOHO;American;$;135 Sullivan St, New York, NY 10012, USA
One;1 Little West 12th St;Meatpacking District;American;$$$;1 Little W 12th St, New York, NY 10014, United States
One If by Land;Two If by Sea, 17 Barrow St;Greenwich Village;American;$$$$;17 Barrow St, New York, NY 10014, United States
One Little West 12;1 Little West 12th St.;Meatpacking District;American;$$;1 Little W 12th St, New York, NY 10014, United States
Onieal's Grand Street;174 Grand St;SOHO;American;$$$;174 Grand St, New York, NY 10013, USA
Ono;18 Ninth Ave;Meatpacking District;Sushi;$$$$;18 Ninth Ave, Railway Estate QLD 4810, Australia
Open the Sesame;198A Orchard St.;Lower East Side;Thai;$;198 Orchard St, New York, NY 10002, USA
Oriental Garden;14 Elizabeth St;Chinatown;Chinese;$;14 Elizabeth St, Charleston, SC 29403, USA
Osteria Al Doge;142 West 44th St;Midtown West;Italian;$$$;142 W 44th St, New York, NY 10036, USA
Osteria Del Circo;120 W 55th St;Midtown West;Italian;$$$$;120 W 55th St, New York, NY 10019, USA
Osteria Gelsi;507 Ninth Ave;Midtown West;Italian;$$$;507 Ninth Ave
Ostia Tapeo;113 Seventh Ave. S.;Greenwich Village;Small Plates;$$;113 7th Ave S, New York, NY 10014, USA
Otto;1 Fifth Ave;Greenwich Village;Italian;$$$$;1 5th Ave, New York, NY 10001, USA
Ouest;2315 Broadway;Upper West Side;American;$$$$;2315 Broadway, New York, NY 10024, USA
Outback Steakhouse;60 W 23rd St;Flatiron;Steakhouse;$$;60 W 23rd St, New York, NY 10010, USA
P.J. Clarke's;915 Third Ave;;;;915 3rd Ave, New York, NY 10022, USA
P.J. Clarke's;44 W. 63rd Street;;;;44 W 63rd St., New York, NY 10023, USA
Paladar;161 Ludlow St;Lower East Side;Nuevo Latino;$$;161 Ludlow St, New York, NY 10002, USA
Pam Real Thai Food;404 W 49th St;Midtown West;Asian;$;404 W 49th St, New York, NY 10019, USA
Pampa;768 Amsterdam Avenue;Upper West Side;South American;$$;768 Amsterdam Ave, New York, NY 10025, USA
Pampano;209 E 49th St;Midtown East;Mexican;$$$;209 E 49th St, New York, NY 10017, USA
Paradou;8 Little W 12th St;Meatpacking District;French;$$;8 Little W 12th St, New York, NY 10014, USA
Paris Commune;99 Bank St;West Village;Continental;$$;99 Bank St, New York, NY 10014, USA
Park;The, 118 10th Ave;Chelsea;Mediterranean;$$$;118 10th Ave, New York, NY 10011, USA
Park Avenue Cafe;100 East 63rd St (@ Park Avenue);Upper East Side;American;$$$$;100 East 63rd St (@ Park Avenue)
Park Bistro;414 Park Ave South;SOHO;French;$$$;414 Park Ave S, New York, NY 10016, USA
Park East Grill;1564 2nd Avenue;Upper East Side;Jewish;$;1564 2nd Ave, New York, NY 10028, USA
Parlor Steakhouse;1600 3rd Ave;Upper East Side;Steakhouse;$$$$;1600 3rd Ave, New York, NY 10128, USA
Pasha;70 W 71st St;Upper West Side;Middle Eastern;$$$;70 W 71st St, New York, NY 10023, USA
Pastis;9 Ninth Ave;Meatpacking District;French;$$$;9 Ninth Ave
Patsy's;236 W 56th St;Midtown West;Italian;$$$;236 W 56th St, New York, NY 10019, USA
Paul's Da Burger Joint;131 2nd avenue;East Village;American;$$;131 2nd avenue
Payard Bistro;1032 Lexington Avenue;Upper East Side;French;$$$;1032 Lexington Ave, New York, NY 10021, USA
Peanut Butter & Co.;240 Sullivan St;;;;D'Agostino Hall, 240 Sullivan St, New York, NY 10012, USA
Pearl Oyster Bar;18 Cornelia Street;Greenwich Village;Seafood;$$$;18 Cornelia St, New York, NY 10014, USA
Peasant;194 Elizabeth St;NoLita;Italian;$$$;194 Elizabeth St, New York, NY 10012, USA
Peep;177 Prince St;SOHO;Asian;$$;LOFTS AT PRINCE (WEDDING), 177 Prince St, New York, NY 10012, USA
Penelope;159 Lexington Ave;Murray Hill;American;$;159 Lexington Ave, New York, NY 10016, USA
Pepe Giallo;253 10th Ave;;;;253 Tenth Ave, San Diego, CA 92101, USA
Pepe Rosso;149 Sullivan St;SOHO;Italian;$;149 Sullivan St, New York, NY 10012, USA
Per Se;10 Columbus Circle, 4th Fl (60th St);Upper West Side;American;$$$$$;10 Columbus Circle, 4th Fl (60th St)
Pera;303 Madison Avenue;Midtown East;Mediterranean;$$$$;303 Madison Ave, New York, NY 10017, USA
Perbacco;234 E Fourth St;East Village;Italian;$$$;234 E 4th St, New York, NY 10009, USA
Peri Ela;1361 Lexington Avenue;Upper East Side;Turkish;$$;1361 Lexington Ave, New York, NY 10128, USA
Perilla;9 Jones Street;Greenwich Village;American;$$$$;9 Jones St, New York, NY 10014, USA
Periyali;35 W 20th St;Flatiron;Greek;$$$$;35 W 20th St, New York, NY 10011, USA
Perry St.;176 Perry St;West Village;French;$$$$;176 Perry St, New York, NY 10014, USA
Persimmon;277 E 10th St;Korean;$$$$;;277 E 10th St, New York, NY 10009, USA
Pescatore;955-957 2nd Ave;Midtown East;Indian;$$$;955 2nd Ave, New York, NY 10022, USA
Petite Abeille;400 West 14th St;Chelsea;Belgian;$;400 W 14th St, New York, NY 10014, USA
Petrossian;182 W 58th St;Midtown West;Continental;$$$$;182 W 58th St, New York, NY 10019, USA
Philip Marie;569 Hudson St;West Village;American;$$$;569 Hudson St, New York, NY 10014, USA
Pho Bang Restaurant Inc;St Pike St;Chinatown;Asian;$;St Pike St
Piadina;57 W 10th St;Greenwich Village;Italian;$$;57 W 10th St, New York, NY 10011, USA
Piano Due;151 W 51st St;Midtown West;Italian;$$$$;151 W 51st St, New York, NY 10019, USA
Piccolo Angolo;621 Hudson St;West Village;Italian;$$;621 Hudson St, New York, NY 10014, USA
Piccolo Ristorante;226 Third Ave;Chelsea;Mediterranean;$$;226 3rd Ave, New York, NY 10003, USA
Picholine;35 W 64th St;Upper West Side;Mediterranean;$$$$;35 W 64th St, New York, NY 10023, USA
Pig Heaven;1540 Second Ave;Midtown West;Chinese;$$;1540 2nd Ave, New York, NY 10028, USA
Pinch;416 Park Ave S;Gramercy Park;Pizza;$;416 Park Ave S, New York, NY 10016, USA
Ping's Seafood;22 Mott St;Chinatown;Chinese;$;22 Mott St, New York, NY 10013, USA
Pinkberry Frozen Yogurt;240 E 82nd St;Dessert;;;240 E 82nd St, New York, NY 10028, USA
Pipa;38 E 19th Street;Flatiron;$$$;;38 E 19th St, New York, NY 10003, United States
Pisticci;125 La Salle St;Harlem;Italian;$;125 La Salle St, New York, NY 10027, USA
Pizza 33;171 W 23rd St;Chelsea;Pizza;$;171 W 23rd St, New York, NY 10011, USA
Pizzeria de Santo;173 Ludlow St.;Lower East Side;Pizza;$;173 Ludlow St, New York, NY 10002, USA
Po;31 Cornelia St;Greenwich Village;Italian;$$$;31 Cornelia St, New York, NY 10014, USA
Poke;343 E. 85th St.;Sushi;$$;;343 E 85th St, New York, NY 10028, USA
Pomme Frites;123 2nd Ave;Belgian;$;;123 2nd Ave, New York, NY 10003, USA
Pongal;110 Lexington Ave.;Murray Hill;Indian;$$;Lexington Ave & E 110th St, New York, NY 10029, USA
Popover Cafe;551 Amsterdam Ave;Upper West Side;American;$;551 Amsterdam Ave, New York, NY 10024, USA
Porchetta;110 East 7th Street;East Village;Italian;$$$;110 E 7th St, New York, NY 10009, USA
Porters New York;216 Seventh Avenue;Chelsea;American;$$;216 7th Ave, New York, NY 10011, USA
Positano;122 Mulberry St;Little Italy;Italian;$$;122 Mulberry St, New York, NY 10013, USA
Post House;28 E 63rd St (Between Park Ave & Madison Ave);Upper East Side;Steakhouse;$$$$;28 E 63rd St, New York, NY 10065, United States
Prem-On Thai;138 W Houston St;Greenwich Village;Thai;$$;138 W Houston St, New York, NY 10012, USA
Prime Grill;60 E 49th St;Midtown East;Jewish;$$$$;60 E 49th St, New York, NY 10017, USA
Primitivo Osteria;202 West 14th Street;West Village;Italian;$$$;202 W 14th St, New York, NY 10011, USA
Provence;38 Macdougal Street;SOHO;French;$$;38 MacDougal St, New York, NY 10012, USA
Prune;54 E First St;East Village;American;$$$;54 E 1st St, New York, NY 10003, USA
Public;210 Elizabeth St;NoLita;International;$$$;210 Elizabeth St, New York, NY 10012, USA
Pukk;71 First Ave;East Village;Thai;$;71 First Ave
Pump Energy Food;40 West 55th Street;Midtown West;International;$;40 W 55th St, New York, NY 10019, USA
Pure Food and Wine;54 Irving Pl;Gramercy Park;Vegetarian;$$$$;54 Irving Pl
Puttanesca;859 9th Avenue;Midtown West;Italian;$$;859 9th Ave, New York, NY 10019, USA
Pylos;128 E Seventh St;East Village;Greek;$$;128 E 7th St, New York, NY 10009, USA
P’ONG;150 W 10th St;Continental;$$$;;150 W 10th St, New York, NY 10014, USA
Quality Meats;57 W 58th St;Midtown West;Steakhouse;$$$$;57 W 58th St, New York, NY 10019, USA
Quartino;21 Peck Slip;;;;21 Peck Slip, New York, NY 10038, USA
Rack and Soul;2818 Broadway;Upper West Side;Barbecue;$$;2818 Broadway, New York, NY 10025, USA
Radio Perfecto;190 Ave B;East Village;American;$$;190 Avenue B, New York, NY 10009, USA
Rain West - CLOSED;100 West 82nd Street;Upper West Side;Asian;$$;100 W 82nd St, New York, NY 10024, USA
Rainbow Room;30 Rockefeller Plaza65th Floor;Midtown West;Italian;$$$$;30 Rockefeller Plaza 65th floor, New York, NY 10112, United States
Rao's;455 East 114th St;Harlem;Italian;$$$$;455 E 114th St, New York, NY 10029, USA
Raoul's;180 Prince St;SOHO;French;$$$;180 Prince St, New York, NY 10012, USA
Red Cat;227 Tenth Avenue;Chelsea;American;$$$;227 Amsterdam Ave, New York, NY 10023, USA
Redeye Grill;890 Seventh Ave;Midtown West;American;$$$;890 7th Ave, New York, NY 10106, USA
Remi;145 W 53rd St;Midtown West;Italian;$$$;145 W 53rd St, New York, NY 10019, USA
Republic;37 Union Square W;Union Square;Asian;$;37 Union Square W, New York, NY 10003, USA
Resto;111 E. 29th Street;Gramercy Park;Belgian;$$;111 E 29th St, New York, NY 10016, USA
Revel;10 Little W. 12th Street;Meatpacking District;International;$$$$;10 Little W 12th St, New York, NY 10014, USA
Revival;2367 Frederick Douglass Blvd;Harlem;Caribbean;$$;2367 Frederick Douglass Blvd, New York, NY 10027, USA
Ribot;780 Third Ave;;;;780 3rd Ave, New York, NY 10017, USA
Rice;277 Mott Street;NoLita;International;$;277 Mott St, New York, NY 10012, USA
Rice 'N' Beans;744 9th Ave;Midtown West;South American;$;744 9th Ave, New York, NY 10019, USA
Riingo;205 E. 45th St;Midtown East;Japanese;$$$$;205 E 45th St, New York, NY 10017, USA
Risotteria;270 Bleecker St;;;;270 Bleecker St, New York, NY 10014, USA
Roberto Passon;741 Ninth Ave;Midtown West;Italian;$$$;741 9th Ave, New York, NY 10019, USA
Rocco Restaurant;181 Thompson St;Greenwich Village;Italian;$$;181 Thompson St, New York, NY 10012, USA
Rock Center Cafe;2 W 50th St;Midtown West;American;$$$;2 W 50th St, Los Angeles, CA 90037, USA
Rocking Horse;182 Eighth Ave;Chelsea;Mexican;$$;182 Eighth Ave, Rosebud VIC 3939, Australia
Rolf's;281 Third Ave.;German;$$;;281 3rd Ave, New York, NY 10010, USA
Roppongi Restaurant;200 W 81st St;Upper West Side;Sushi;$$;200 W 81st St, New York, NY 10024, USA
Rosa Mexicano;61 Columbus Avenue;Upper West Side;Mexican;$$$;61 Columbus Ave, New York, NY 10023, USA
Rosa Mexicano;9 E 18th St;Flatiron;Mexican;$$$;9 E 18th St
Rosa Mexicano - First Avenue;1063 First Ave;Midtown East;Mexican;$$$;1063 1st Avenue, New York, NY 10022, USA
Roy's;130 Washington St;TriBeCa;Fusion;$$$;130 Washington St
Rub Bbq;208 W 23rd St;;;;208 W 23rd St, New York, NY 10011, USA
Ruby Foo's Times Square;1626 Broadway;Midtown West;Pan-Asian;$$$;1626 Broadway, New York, NY 10019, USA
Ruby Foo's Uptown;2182 Broadway;Upper West Side;Pan-Asian;$$$;2182 Broadway, New York, NY 10024, USA
Rue 57;60 West 57th Street;;;;60 W 57th St, New York, NY 10019, USA
Russian Samovar;256 W 52nd St;Midtown West;Continental;$$$;256 W 52nd St, New York, NY 10019, USA
Ruth's Chris Steak House;148 West 51st Street;Midtown West;Steakhouse;$$$$;148 W 51st St, New York, NY 10019, USA
S.O.B.'s;200 Varick St;SOHO;Brazilian;$;200 Varick St, New York, NY 10014, USA
Sachiko's On 25 Clinton;25 Clinton St;Lower East Side;Japanese;$$$;25 Clinton St, New York, NY 10002, USA
Sacred Chow;227 Sullivan Street;Greenwich Village;Vegetarian;$;227 Sullivan St, New York, NY 10012, USA
Sal Anthony's S.P.Q.R.;133 Mulberry St;Little Italy;Italian;$$;133 Mulberry St, New York, NY 10013, USA
Sala;344 Bowery;NoLita;Spanish;$$;344 Bowery, New York, NY 10012, USA
Salaam Bombay;319 Greenwich St;TriBeCa;Indian;$$;319 Greenwich St, New York, NY 10013, USA
Salmon River;3 East 40th Street;Murray Hill;Seafood;$$;3 E 40th St, New York, NY 10016, USA
Salt;58 Macdougal St;SOHO;American;$$$;58 MacDougal St, New York, NY 10012, USA
Salt Bar;29 Clinton St;Lower East Side;American;$$$;29 Clinton St, New York, NY 10002, USA
Salud Restaurant and Bar;142 Beekman Street;;;;142 Beekman St, New York, NY 10038, USA
Salute;270 Madison Ave;Murray Hill;Italian;$;270 Madison Ave, New York, NY 10016, USA
Sambuca;20 W 72nd St;Upper West Side;Italian;$$;20 W 72nd St, New York, NY 10023, USA
Sammy's Roumanian;157 Chrystie St;Lower East Side;European;$$$;157 Chrystie St, New York, NY 10002, USA
San Domenico;240 Central Park South;Midtown West;Italian;$$$$;240 Central Park S, New York, NY 10019, United States
Sanctuary T;337 West Broadway;SOHO;Continental;$$$;337 W Broadway, New York, NY 10013, USA
Sant Ambroeus;259 W Fourth St;West Village;Italian;$$$;259 West 4th Street, New York, NY 10014, USA
Santa Fe;73 W 71st St;Upper West Side;Southwestern;$$;73 W 71st St, New York, NY 10023, USA
Sapa;43 West 24th Street;Chelsea;Asian;$$$;43 W 24th St, New York, NY 10010, USA
Sapphire;1845 Broadway;Upper West Side;Indian;$$$;1845 Broadway, New York, NY 10023, USA
Sardi's;234 West 44th Street;Midtown West;Continental;$$$;234 W 44th St, New York, NY 10036, USA
Sarge's Deli;548 Third Avenue;Murray Hill;Deli;$;548 3rd Ave, New York, NY 10016, USA
Saucy;1409 York Avenue;Upper East Side;International;$$;1409 York Ave, New York, NY 10021, USA
Savann;414 Amsterdam Ave;Upper West Side;French;$$;414 Amsterdam Ave, New York, NY 10024, USA
Savoy;70 Prince St;SOHO;American;$$$;70 Prince St
Scaletta;50 W 77th St;Midtown West;Italian;$$$;50 W 77th St, New York, NY 10024, USA
Scalinatella;201 East 61st Street;Upper East Side;Italian;$$$$;201 E 61st St, New York, NY 10065, USA
Scalini Fedeli;165 Duane St;TriBeCa;Italian;$$$$;165 Duane St, New York, NY 10013, USA
Scarlatto;250 W 47th St;Midtown West;Italian;$$;250 W 47th St, New York, NY 10036, USA
Scarpetta;355 W 14th St;Meatpacking District;Italian;$$$$;355 W 14th St, New York, NY 10014, USA
Schiller's Restaurant;131 Rivington St;Lower East Side;International;$$;131 Rivington St, New York, NY 10002, USA
Sea;75 Second Ave;East Village;Asian;$;75 2nd Ave, New York, NY 10003, USA
Sea Grill;19 West 49th Street;Midtown West;Seafood;$$$$;19 W 49th St, New York, NY 10020, USA
Sequoia;Pier 17;Wall Street;Seafood;$$;Pier 17
Serendipity 3;225 E 60th St;Upper East Side;American;$;225 E 60th St, New York, NY 10022, USA
Sevilla Restaurant and Bar;62 Charles St& West 4th St;West Village;Spanish;$$;62 Charles St, New York, NY 10014, USA
Sezz Medi';1260 Amsterdam Ave;Harlem;Mediterranean;$$;1260 Amsterdam Ave, New York, NY 10027, USA
Sfoglia;1402 Lexington Avenue;Upper East Side;Italian;$$$$;1402 Lexington Ave, New York, NY 10128, USA
Shaburi;125 E 39th St;Murray Hill;Japanese;$$$;125 E 39th St, New York, NY 10016, USA
Shaffer City Oyster Bar & Grill;5 W 21st St;Flatiron;Seafood;$$$;5 W 21st St, New York, NY 10010, USA
Shake Shack;366 Columbus Ave;Upper West Side;American;$$;366 Columbus Ave, New York, NY 10024, USA
Shake Shack;11 Madison Ave;Flatiron;American;$$;11 Madison Ave, New York, NY 10010, United States
Shula's Steak House;270 W 43rd St;Midtown West;American;$$$$;270 W 43rd St, New York, NY 10036, USA
Shun Lee Cafe;43 W 65th St;;;;43 W 65th St, New York, NY 10023, USA
Shun Lee Palace;155 E 55th Street;Midtown East;Chinese;$$$;157 E 55th St, New York, NY 10022, United States
Shun Lee West;43 W. 65th St.;Chinese;$$$;;43 W 65th St, New York, NY 10023, USA
Sip Sak;928 Second Ave;Midtown East;Middle Eastern;$;928 2nd Ave, New York, NY 10022, USA
Slane;102 MacDougal St;West Village;Irish;$$;102 MacDougal St, New York, NY 10012, USA
Smith & Wollensky;797 Third Ave;Midtown East;Steakhouse;$$$;797 3rd Ave, New York, NY 10022, USA
Smorgas Chef;283 W. 12th St.;Scandinavian;----;;283 W 12th St, New York, NY 10014, USA
Snack;105 Thompson St;SOHO;Greek;$;105 Thompson St, New York, NY 10012, USA
Snack Taverna;63 Bedford St;West Village;Greek;$$;63 Bedford St, New York, NY 10014, USA
Soba-Ya;229 E Ninth St;East Village;Asian;$;229 E 9th St, New York, NY 10003, USA
Sofrito;400 E. 57th St.;Nuevo Latino;$$;;400 E 57th St, New York, NY 10022, USA
Sol Y Sombra;462 Amsterdam Ave;Upper West Side;Spanish;$;462 Amsterdam Ave, New York, NY 10024, USA
Solera;216 E 53rd St;Midtown East;Spanish;$$$;216 E 53rd St, New York, NY 10022, USA
Son Cubano;361 Greenwich St;Meatpacking District;Cuban;$$$;361 Greenwich St, New York, NY 10013, USA
Soto;357 Sixth;Greenwich Village;Sushi;$$$;357 6th Ave, New York, NY 10014, USA
Soto;357 Sixth Avenue;Greenwich Village;Sushi;$$$$;357 6th Ave, New York, NY 10014, USA
Southside Cafe;252 W 47th Street;Theater;Italian;$$;252 W 47th St, New York, NY 10036, USA
Sparks Steak House;210 E 46th Street;Midtown East;Steakhouse;$$$;210 E 46th St, New York, NY 10017, USA
Spice;1411 Second Ave;Upper East Side;Asian;$;1411 2nd Ave, New York, NY 10021, USA
Spice;104 Second Ave.;East Village;Thai;$$;104 2nd Ave, New York, NY 10003, USA
Spice Market;403 W 13th St;Meatpacking District;Malaysian;$$$;403 W 13th St, Benton, KY 42025, USA
Spigolo;1561 Second Ave;Upper East Side;Italian;$$$;1561 2nd Ave, New York, NY 10028, USA
Spotlight Live;1604 Broadway;Theater;American;$$$$;1604 Broadway, New York, NY 10019, USA
Spotted Pig;The, 314 W 11th St;West Village;British;$$$;The, 314 W 11th St
Spring St Natural Restaurant;62 Spring St;NoLita;Vegetarian;$;62 Spring St
Stage Deli;834 Seventh Avenue;Midtown West;Deli;$;834 7th Ave, New York, NY 10019, USA
Stand;24 E. 12th Street;Greenwich Village;American;$;24 E 12th St, New York, NY 10003, USA
Stanton Social;99 Stanton St;Lower East Side;International;$$$;99 Stanton St, New York, NY 10002, USA
Stanton Social Club;99 Stanton Street;Small Plates;$$$;;99 Stanton St, New York, NY 10002, USA
Steak Frites;9 East 16th Street;Union Square;French;$$;9 E 16th St, New York, NY 10003, USA
Stella Di Mare;346 Lexington Avenue;Murray Hill;Italian;$$$;346 Lexington Ave, New York, NY 10016, USA
Stella Maris;213 Front St.;Financial District;European;$$;213 Front St, New York, NY 10038, USA
Strip House;13 E 12th St;Greenwich Village;Steakhouse;$$$;13 E 12th St, New York, NY 10003, USA
Suba;109 Ludlow St;Lower East Side;Spanish;$$$;109 Ludlow St, New York, NY 10002, USA
Suenos;311 W 17th St;Chelsea;Mexican;$$$;311 W 17th St, New York, NY 10011, USA
Sugiyama;251 W 55th St;Midtown West;Japanese;$$$$;251 W 55th St, New York, NY 10019, USA
Sui;54 Spring Street;Lower East Side;Japanese;$$$;54 Spring St, New York, NY 10012, USA
Supper;156 E Second St;East Village;Italian;$$;156 E 2nd St, New York, NY 10009, USA
Surya;302 Bleecker St;West Village;Indian;$$;302 Bleecker St, New York, NY 10014, USA
Sushi Of Gari;402 E 78th St;Upper East Side;Sushi;$$$$;402 E 78th St, New York, NY 10075, USA
Sushi Samba;245 Park Ave South;Flatiron;Sushi;$$$;245 Park Ave S, New York, NY 10003, USA
Sushi Seki;1143 1st Ave;Upper East Side;Sushi;$$$;1143 1st Avenue, New York, NY 10065, USA
Sushi Yasuda;204 E 43rd St;Midtown East;Japanese;$$$$$;204 E 43rd St, New York, NY 10017, USA
Sushi Zen;108 W 44th St;Midtown West;Sushi;$$$;108 W 44th St, New York, NY 10036, USA
Sushisamba 7;87 Seventh Ave South;Greenwich Village;Sushi;$$$;87 7th Ave S, New York, NY 10014, USA
Swagat Indian Cuisine;411a Amsterdam Ave;;;;411A Amsterdam Ave, New York, NY 10024, USA
Swing 46;349 W. 46 St;Theater;American;$$$;349 W 46th St, New York, NY 10036, USA
Swizz;310 W 53rd St;Midtown West;Swiss;$$;310 W 53rd St, New York, NY 10019, USA
Tabla;11 Madison Ave;Gramercy Park;Indian;$$$$;11 Madison Ave, New York, NY 10010, United States
Taboon;773 10th Ave;Midtown West;Mediterranean;$$$;773 10th Ave, New York, NY 10019, USA
Tailor;525 Broome St.;;;;525 Broome St, New York, NY 10013, USA
Takahachi Tribeca;145 Duane St;TriBeCa;Japanese;$$;145 Duane St, New York, NY 10013, USA
Talay;701 W 135th St;Harlem;Thai;$$$;701 W 135th St, New York, NY 10031, USA
Tamarind;41-43 E 22nd St;Flatiron;Indian;$$$;41 E 22nd St #43, New York, NY 10010, USA
Tang Pavilion;65 W 55th St;Midtown West;Chinese;$$;65 W 55th St, New York, NY 10019, USA
Tao;42 E 58th Street;Midtown East;Asian;$$$;42 E 58th St, New York, NY 10022, USA
Taormina;147 Mulberry St;Little Italy;Italian;$$;147 Mulberry St
Tartine;253 W 11th St;West Village;French;$;253 W 11th St, New York, NY 10014, USA
Tasting Room;72 E First St;East Village;American;$$$;72 E 1st St, New York, NY 10003, USA
Tavern on the Green;Central Park W.;;;;Central Park W.
Tea & Sympathy;108 Greenwich Ave;West Village;British;$;108 Greenwich Ave, New York, NY 10011, USA
Telepan;72 West 69th Street;Midtown West;American;$$$$;72 W 69th St, New York, NY 10023, USA
Tello's;263 W 19th St;Chelsea;Italian;$$;263 W 19th St, New York, NY 10011, USA
Tenzan;285 Columbus Ave;Upper West Side;Japanese;$$;285 Columbus Ave, Boston, MA 02116, United States
Tenzan;988 Second Avenue;Midtown East;Sushi;$$$$;988 2nd Ave, New York, NY 10022, USA
Tequila's Chito's Mexican Bar & Grill;358 W 23rd St;Chelsea;Mexican;$$;358 W 23rd St, New York, NY 10011, USA
Teresa's;103 1st Ave;East Village;Polish;$;103 1st Avenue, New York, NY 10003, USA
Terrace In The Sky;400 West 119th Street;Upper West Side;French;$$;Butler Hall, 400 W 119th St, New York, NY 10027, USA
The American;235 Mulberry St.;NoLita;American;$;235 Mulberry St, New York, NY 10012, USA
The Cafe Carlyle;35 E 76 St;;;;E76, Italy
The Cupping Room Cafe;359 West Broadway;;;;359 W Broadway, New York, NY 10013, USA
The Four Seasons;99 E 52nd St;Midtown East;Continental;$$$$;99 E 52nd St, New York, NY 10022, USA
The Harrison;355 Greenwich St;TriBeCa;American;$$$;355 Greenwich St, New York, NY 10013, USA
The House;121 E. 17th Street;Gramercy Park;Mediterranean;$$$$;121 E 17th St, New York, NY 10003, USA
The Mezzanine Restaurant;235 W 46th Street;Theater;Mediterranean;$$;235 W 46th St, New York, NY 10036, USA
The Modern;9 W 53rd St;Midtown West;American;$$$$;9 W 53rd St, New York, NY 10019, USA
The New French;522 Hudson St;Greenwich Village;French;$$$;522 Hudson St, Hoboken, NJ 07030, USA
The Pink Tea Cup;42 Grove St;West Village;Southern;$;42 Grove St, New York, NY 10014, USA
The Place;310 W Fourth St;West Village;American;$$$;310 West 4th Street, New York, NY 10014, USA
The Place on West 10th;142 W 10th St;Greenwich Village;American;$$$;142 W 10th St, New York, NY 10014, USA
The Pump Energy Food;275 Madison Ave.;;;;275 Madison Ave, New York, NY 10016, USA
The Redhead;349 E. 13th Street;East Village;American;$$$;349 E 13th St, New York, NY 10003, USA
The Sunburnt Cow;137 Avenue C;East Village;Australian;$;137 Loisaida Ave, New York, NY 10009, USA
Thor;Hotel on Rivington;Lower East Side;American;$$$$;Hotel on Rivington
Three Of Cups;83 First Ave;East Village;Italian;$;83 First Ave, Marsden QLD 4132, Australia
Tia Pol;205 Tenth Ave;Chelsea;Spanish;$$;205 Tenth Ave
Tocqueville;1 E 15th St;Union Square;American;$$$$;1 E 15th St, New York, NY 10003, USA
Tomo;2850 Broadway;Harlem;Sushi;$;2850 Broadway, New York, NY 10025, USA
Tomoe Sushi;172 Thompson St;Greenwich Village;Sushi;$$;172 Thompson St, New York, NY 10012, USA
Tong;39 E. 13th St.;Thai;$$$;;39 E 13th St, New York, NY 10003, USA
Tony's Di Napoli;1606 2nd Avenue;;;;1606 2nd Avenue
Town;Chambers Hotel, 15 West 56th St;Midtown West;American;$$$$;15 W 56th St, New York, NY 10019, United States
Trattoria Dell'Arte;900 Seventh Ave;Midtown West;Italian;$$$;900 7th Ave, New York, NY 10019, USA
Tribeca Grill;375 Greenwich St;TriBeCa;American;$$$;375 Greenwich St, New York, NY 10013, USA
Triomphe;49 West 44th Street;Midtown West;French;$$$$;49 W 44th St, New York, NY 10036, USA
Troy Turkish Grill;539 9th Ave;Midtown West;Turkish;$;539 9th Ave
Tsampa;212 E Ninth St;East Village;Southeast Asian;$;212 E 9th St, New York, NY 10003, USA
Tse Yang;34 East 51st Street;Midtown East;Chinese;$$$;34 E 51st St, New York, NY 10022, USA
Turkish Cuisine;631 9th Ave;Midtown West;Middle Eastern;$$;631 9th Ave, New York, NY 10036, USA
Turkish Kitchen;386 Third Ave;Midtown East;Turkish;$$$$;386 3rd Ave, New York, NY 10016, USA
Turkuaz;2637 Broadway;Harlem;Middle Eastern;$$;2637 Broadway, New York, NY 10025, USA
Tuscan Square;16 W 51st St;Midtown West;Italian;$$$;16 W 51st St, New York, NY 10111, USA
Two Boots Lower East Side;384 Grand Street;Lower East Side;Pizza;$;384 Grand St, New York, NY 10002, USA
Two Boots Rock Center;30 Rockefeller Plaza;Midtown West;Pizza;$;Rockefeller Plaza, New York, NY 10111, USA
Two Boots To Go;42 Avenue A;East Village;Pizza;$;42 Avenue A, New York, NY 10009, USA
Two Boots To Go Go;74 Bleecker Street;SOHO;Pizza;$;74 Bleecker St, Brooklyn, NY 11221, USA
Two Boots To Go West;201 West 11th Street;West Village;Pizza;$;201 W 11th St, New York, NY 10014, USA
Una Pizza Napoletana;349 E 12th St;East Village;Pizza;$;349 E 12th St, New York, NY 10003, USA
Uncle Jack's Steakhouse-Nyc;440 9th Avenue;Midtown East;Steakhouse;$$$;440 9th Ave, New York, NY 10001, USA
Uncle Nick's;747 9th Ave;Midtown West;Greek;$$;747 9th Ave, New York, NY 10019, USA
Union Square Cafe;21 E 16th St;Union Square;American;$$$$;21 E 16th St, New York, NY 10003, USA
Upstairs;130 W Broadway, 2nd Fl;TriBeCa;International;$$$;130 W Broadway 2nd Fl, Vancouver, BC V5Y 1P3, Canada
Urena;37 E 28th St;Gramercy Park;Spanish;$$$;37 E 28th St, New York, NY 10016, USA
Uskudar Turkish Restaurantt;1405 Second Ave;Upper East Side;Middle Eastern;$$;1405 2nd Ave, New York, NY 10021, USA
Utsav;1185 Sixth Ave, 2nd Fl;Midtown West;Indian;$$$;1185 6th Ave 2nd Fl, New York, NY 10036, USA
Varietal;138 W. 25th Street;Chelsea;American;$$$$;138 W 25th St, New York, NY 10001, USA
Vatan;409 Third Ave;Gramercy Park;Indian;$$;409 3rd Ave, New York, NY 10016, USA
Veniero's;342 E 11th St;East Village;American;$;342 E 11th St, New York, NY 10003, USA
Vento;675 Hudson St;Meatpacking District;Italian;$$$;675 Hudson St, New York, NY 10014, USA
Veritas;43 E 20th St;Union Square;American;$$$$;43 E 20th St, New York, NY 10003, USA
Veselka Restaurant;144 2nd Ave;East Village;American;$;144 2nd Ave, New York, NY 10003, USA
Vespa Cibobouno;1625 Second Ave;;;;1625 2nd Ave, New York, NY 10028, USA
Via Brasil;34 W 46 St;Midtown West;South American;$$;34 W 46th St, New York, NY 10036, USA
Viceversa;325 W 51st St;Midtown West;Italian;$$$$;325 W 51st St, New York, NY 10019, USA
Vico Ristorante;1302 Madison Ave;Upper East Side;Italian;$$$;1302 Madison Ave, New York, NY 10128, USA
Victor's Cafe;236 West 52 St;Midtown West;Cuban;$$$;236 W 52nd St, New York, NY 10019, USA
Villa Mosconi Restaurant;69 Macdougal St;Greenwich Village;Italian;$$$;69 MacDougal St, New York, NY 10012, USA
Village;62 W Ninth St;Greenwich Village;French;$$$;62 W 9th St, New York, NY 10011, USA
Vincent's Restaurant;119 Mott St;Little Italy;Italian;$$;119 Mott St, New York, NY 10013, USA
Vintage Irving;118A E. 15th St.;Union Square;Small Plates;$$$;118A E 15th St, New York, NY 10003, USA
Vong;200 East 54th St;Midtown East;Thai;$$$$;200 E 54th St, New York, NY 10022, USA
Waikiki Wally's;101 East 2nd Street;East Village;Hawaiian;$$$;101 E 2nd St, New York, NY 10009, USA
Walker's;16 N Moore St;TriBeCa;American;$;16 N Moore St, New York, NY 10013, USA
Wallse;344 W 11th St;West Village;Austrian;$$$$;344 W 11th St, New York, NY 10014, USA
Wd-50;50 Clinton St;Murray Hill;American;$$$$;50 Clinton St, New York, NY 10002, USA
Westville;210 W 10th St;West Village;American;$;210 W 10th St, New York, NY 10014, USA
Westville East;173 Ave. A;East Village;American;$;173 Avenue A, New York, NY 10009, USA
Whym;889 Ninth Ave.;;;;889 9th Ave, New York, NY 10019, USA
Wichcraft;397 Greenwich St;TriBeCa;American;$;397 Greenwich St
Wild Ginger;51 Grove St.;Thai;$$$;;51 Grove St, New York, NY 10014, USA
Wildwood BBQ;225 Park Avenue South;Gramercy Park;Barbecue;$$$;225 Park Avenue South
Wo Hop Restaurant;17 Mott St;;;;17 Mott St, New York, NY 10013, USA
Wogies Restaurant;39 Greenwich Ave;West Village;American;$;39 Greenwich Ave, New York, NY 10014, USA
Wolfgang's Steakhouse;4 Park Avenue;Murray Hill;Steakhouse;$$$$;Park Ave, United States
Wollensky's Grill;205 East 49th Street;Midtown East;American;$$$;205 E 49th St, Savannah, GA 31405, USA
Won Jo;23 W 32nd St;Midtown West;Korean;$$;23 W 32nd St, New York, NY 10001, USA
Woo Lae Oak;148 Mercer St;SOHO;Korean;$$$;148 Mercer St, New York, NY 10012, USA
Xing;785 Ninth Ave;Midtown West;Asian;$$$;785 9th Ave, New York, NY 10019, USA
Xunta;174 First Ave;East Village;Spanish;$;174 1st Avenue, New York, NY 10009, USA
Yakitori Totto;251 W. 55th St., 2nd fl;Midtown West;Japanese;$$$;251 W 55th St 2nd fl, New York, NY 10019, USA
Yama;38-40 Carmine St;Midtown East;Sushi;$$;38-40 Carmine St, New York, NY 10014, USA
Yozakura Kushiyaki Bar;168 Ludlow St;Lower East Side;Japanese;$;168 Ludlow St, New York, NY 10002, USA
Yuca Bar;111 Ave A;East Village;Nuevo Latino;$;111 Avenue A, New York, NY 10009, USA
Yuka;1557 2nd Ave;;;;1557 2nd Ave, New York, NY 10028, USA
Yuki Sushi;656 Amsterdam Ave;Upper West Side;Sushi;$;656 Amsterdam Ave, New York, NY 10025, USA
Za3calo;174 E 82nd St;Upper East Side;Mexican;$$;174 E 82nd St, New York, NY 10028, USA
Zabar's Cafe;2245 Broadway;Upper West Side;Deli;$;2245 Broadway, New York, NY 10024, USA
Zarela's;953 Second Ave;Midtown East;Mexican;$$$;953 2nd Ave, New York, NY 10022, USA
Zebu Grill;305 E 92nd St;Upper East Side;South American;$$;305 E 92nd St, New York, NY 10128, USA
Zen Palate;34 East Union Sq;Union Square;Vegetarian;$;34 Union Square E, New York, NY 10003, USA
Zerza;304 E Sixth St;East Village;Moroccan;$$;304 E 6th St, New York, NY 10003, USA
Zeytin;519 Columbus Ave;Upper West Side;Turkish;$$;519 Columbus Ave, New York, NY 10024, USA
Zoe;90 Prince St;SOHO;American;$$$;90 Prince St, New York, NY 10012, USA
Zoma;2084 Frederick Douglass Blvd.;Harlem;Ethiopian;$$;2084 Frederick Douglass Blvd, New York, NY 10026, USA
Zona Rosa;40 W 56th St;;;;40 W 56th St, New York, NY 10019, USA
Zum Schneider;107 Ave C;East Village;German;$;107 Loisaida Ave, New York, NY 10009, USA
Zuni;598 Ninth Ave;Theater;American;$$;598 9th Ave, New York, NY 10036, USA
Zutto;77 Hudson Street;TriBeCa;Sushi;$$;77 Hudson Street
db Bistro Moderne;55 W 44th Street;Midtown West;French;$$$$;55 W 44th St, New York, NY 10036, USA
earth NYC;116a 10th Avenue;Chelsea;Asian;$$;116a 10th Avenue
p*ong;150 W. 10th Street;Greenwich Village;Dessert;$$;150 W 10th St, New York, NY 10014, USA
