restaurant;address;country;country_code;neighborhood;type;cost
'Cesca;164 W 75th St;New York;NY;Upper West Side;Italian;$$$
'Ino;21 Bedford St;New York;NY;Greenwich Village;Italian;$
'Inoteca;98 Rivington St;New York;NY;Lower East Side;Italian;$$
107 West;811 W 187th St;New York;NY;Harlem;Creole-Cajun;$$$
15 East;15 E. 15th Street;New York;NY;Union Square;Japanese;$$$$
2 Rivers Bar and ReStaurant;10 Murray St;New York;NY;American;----;
2 West;2 West St;New York;NY;Financial District;American;$$$
21 Club;21 W 52nd St;New York;NY;Midtown West;American;$$$
26 Seats;168 Ave B;New York;NY;East Village;French;$$
44;44 W 44th Street;New York;NY;Midtown West;American;$$$
44 & X Hell's Kitchen;622 10th Ave;New York;NY;Midtown West;American;$$$
5 Napkin Burger;630 Ninth Ave;New York;NY;Hell's Kitchen;American;$$
5 Ninth;5 Ninth Ave;New York;NY;Meatpacking District;International;$$$
71 Irving Place;71 Irving Pl;New York;NY;Gramercy Park;American;$
77493;1633 Broadway;New York;NY;Midtown West;American;$$
A;947 Columbus Ave;New York;NY;Harlem;Caribbean;$
A Cafe;973 Columbus Avenue;New York;NY;Upper West Side;French;$$$
A Voce;41 Madison Ave;New York;NY;Gramercy Park;Italian;$$$$
A.O.C.;314 Bleecker St;New York;NY;West Village;French;$$
A.O.C. Bedford;14 Bedford St;New York;NY;Greenwich Village;French;$$$
Abboccato;136 W 55th St;New York;NY;Midtown West;Italian;$$$$
Acqua;718 Amsterdam Ave.;New York;NY;Italian;$$$$;
Ada;208 E 58th Street;New York;NY;Midtown East;Indian;$$$
Agave;140 7th Ave South;New York;NY;Greenwich Village;Southwestern;$$
Aix Brasserie;2398 Broadway;New York;NY;Upper West Side;French;$$$$
Aj Maxwell's - Steakhouse;57 West 48th Street;New York;NY;Midtown West;Steakhouse;$$$$
Akdeniz;19 W 46th St;New York;NY;Midtown West;Mediterranean;$
Aki;181 W Fourth St;New York;NY;Greenwich Village;Caribbean;$$$
Al Bustan Restaurant;827 Third Ave;New York;NY;Midtown East;Middle Eastern;$$$
Alexandra;455 Hudson St;New York;NY;West Village;American;$$
Alfama;551 Hudson St;New York;NY;Greenwich Village;Portuguese;$$
Alfredo Of Rome;4 W 49th St;;;;;
Ali Baba;206 E 34th St;New York;NY;Murray Hill;Turkish;$
Alias;76 Clinton St;New York;NY;Lower East Side;American;$$$
Alice's Tea Cup;102 West. 73 st;New York;NY;Upper West Side;American;$
Allegretti;46 West 22nd St;New York;NY;Flatiron;French;$$$$
Allen & Delancey;115 Allen St;New York;NY;Lower East Side;American;$$$
Almond;12 E 22nd Street;New York;NY;Flatiron;French;$$$$$
Alonso's Steakhouse;265 West 20th St;New York;NY;Chelsea;Steakhouse;$$$
Alouette;2588 Broadway;New York;NY;Upper West Side;French;$$$
Alta;64 West 10th Street;New York;NY;Greenwich Village;Mediterranean;$$$
Alto;520 Madison Ave;New York;NY;Midtown East;Italian;$$$$$
Amalia;;New York;NY;Midtown West;Mediterranean;$$$$
Amaranth;21 E. 62nd St.;New York;NY;Mediterranean;$$$;
Amazing 66;66 Mott Street;New York;NY;Chinatown;Chinese;$$
Ambassador Grill and Lounge;1 United Nations Plaza;New York;NY;Midtown East;International;$$$
Amber;1406 Third Ave.;New York;NY;Pan-Asian;$$;
Amma;246 E 51st St;New York;NY;Midtown East;Indian;$$$$
Ammos Estiatorio;52 Vanderbilt Ave;New York;NY;Midtown East;Greek;$$$
Amy Ruth's;113 W 116th St;New York;NY;Harlem;Southern;$
Amy's Bread;75 Ninth Ave;New York;NY;Midtown West;American;$
Angelica Kitchen;300 E 12th St;New York;NY;East Village;Vegetarian;$
Angelo & Maxies Steakhouse;233 Park Ave South (19th St);New York;NY;Midtown West;Steakhouse;$$$
Angelo's Of Mulberry Street;146 Mulberry St Fl 1;New York;NY;Little Italy;Italian;$$$
Angon on The Sixth;320 E Sixth St;New York;NY;East Village;Indian;$
Annisa;13 Barrow Street;New York;NY;Greenwich Village;American;$$$$$
Anthos;36 W 52nd St;New York;NY;Midtown West;Mediterranean;$$$$
Apiary;60 Third Ave.;New York;NY;East Village;American;$$$$
Apizz;217 Eldridge St;New York;NY;Lower East Side;Italian;$$$
Aq Cafe;58 Park Ave;New York;NY;Murray Hill;Scandinavian;$
Aquagrill;210 Spring St;New York;NY;SOHO;Seafood;$$$$
Aquavit;65 East 55th Street;New York;NY;Midtown West;Scandinavian;$$$$
Arezzo;46 W 22nd St;New York;NY;Flatiron;Italian;$$$
Aroma;36 E Fourth St;New York;NY;NoLita;Italian;$$
Arqua;281 Church Street;New York;NY;TriBeCa;Italian;$$$
Arriba Arriba!;1463 Third Ave;New York;NY;Upper East Side;American;$
Arte Cafe;106 W 73rd St;New York;NY;Upper West Side;Italian;$$
Artichoke;328 E 14th St;New York;NY;East Village;Pizza;$$
Artie's Deli;2290 Broadway;;;;;
Artisanal;2 Park Avenue;New York;NY;Lower East Side;French;$$$
Arturo's Restaurants;106 W Houston St;New York;NY;Greenwich Village;Italian;$
Asia De Cuba;237 Madison Ave;New York;NY;Murray Hill;Asian;$$$$
Asiakan;710 Amsterdam Ave.;New York;NY;Upper West Side;Pan-Asian;$
Asiate;80 Columbus Cir at 60th Street;New York;NY;Upper West Side;French;$$$$
Aspen;30 W 22nd St;;;;;
Aspen Social Club;157 W 47th St;New York;NY;Midtown West;American;$$$$
Atlantic Grill;1341 Third Ave;New York;NY;Upper East Side;Seafood;$$$
Atnhos;36 W. 52nd Street;New York;NY;Greek;$$$$;
Au Mandarin;200-250 Vesey St;New York;NY;Financial District;Chinese;$$
August;359 Bleecker St;New York;NY;West Village;European;$$$
Aureole;34 E 61st St (Between Park and Madison);New York;NY;Midtown East;American;$$$$$
Aurora;51 Broome St.;New York;NY;SOHO;Italian;$$
Avra Estiatorio;141 E 48th St;New York;NY;Midtown East;Greek;$$$$
Awash;947 Amsterdam Ave.;New York;NY;Ethiopian;;
Azafran;77 Warren St;New York;NY;TriBeCa;Spanish;$$$
Azucar;939 Eighth Avenue;New York;NY;Midtown West;Cuban;$$
Azuri Cafe;465 W 51st St;New York;NY;Midtown West;Jewish;$
Azza;137 E. 55th Street;New York;NY;Midtown East;Moroccan;$$$$
B. Smith's Restaurant Row;320 West 46th St;New York;NY;Midtown West;Southern;$$$
BLT Fish;21 W 17th St;New York;NY;Flatiron;Seafood;$$
BLT Prime;111 East 22nd Street;New York;NY;Gramercy Park;American;$$$$
BLT Steak;106 E 57th St;New York;NY;Midtown East;Steakhouse;$$$$$
Babbo;110 Waverly Pl;New York;NY;Greenwich Village;Italian;$$$$
Baldoria;249 West 49th Street;New York;NY;Midtown West;Italian;$$$$
Bali Nusa Indah Restaurant Inc;651 9th Ave;New York;NY;Indonesian;;
Balthazar;80 Spring Street;New York;NY;SOHO;French;$$$
Banjara;97 First Ave;New York;NY;East Village;Indian;$$
Bann;350 W 50th St;New York;NY;Theater;Korean;$$$
Bao 111;111 Ave C;New York;NY;East Village;Asian;$$
Bar Americain;152 W 52nd St;New York;NY;Midtown West;American;$$$$
Bar Boa;100 W 82nd Street;New York;NY;Upper West Side;Vietnamese;$$$$
Bar Jamon;52 Irving Pl.;;New York;NY;Spanish;$$$
Bar Martignetti;406 Broome St.;;;;;
Bar Pitti;268 Sixth Avenue;New York;NY;Greenwich Village;Italian;$$
Baraonda;1439 Second Avenue;;;;;
Barbetta;321 W 46th Street;New York;NY;Midtown East;Italian;$$$
Barbounia;250 Park Ave South;New York;NY;Flatiron;Mediterranean;$$$$
Barmarche;14 Spring St;New York;NY;NoLita;American;$$
Barney Greengrass;541 Amsterdam Ave;New York;NY;Upper West Side;Deli;$
Barolo;398 West Broadway;New York;NY;SOHO;Italian;$$$
Basta Pasta;37 W 17th St;New York;NY;Flatiron;Italian;$$
Battery Gardens;Inside Battery Parkacross From 17 State St;New York;NY;Financial District;American;$$$
Bay Leaf;49 W 56th Street;New York;NY;Midtown West;Indian;$$
Bb Sandwich Bar;120 W Third St;New York;NY;West Village;American;$
Beacon;25 West 56th St (Between 5th & 6th Avenues);New York;NY;Midtown West;American;$$$$
Becco;355 W 46th St;New York;NY;Midtown West;Italian;$$$
Bellavitae;21 Minetta Ln;New York;NY;Greenwich Village;Italian;$$$
Bello;863 Ninth Ave;;;;;
Bello Sguardo;410 Amsterdam Ave;New York;NY;Upper West Side;Mediterranean;$$
Ben & Jack's Steak House;219 E 44th St;New York;NY;Midtown East;Steakhouse;$$$$
Ben's Kosher Deli;209 West 38th Street;New York;NY;Midtown West;Deli;$
Beppe;45 E 22nd St;New York;NY;Flatiron;Italian;$$$
Bette;461 W 23rd St;New York;NY;Chelsea;European;$$$
Bettola;412 Amsterdam Ave;New York;NY;Upper West Side;Italian;$$
Beyoglu;1431 Third Avenue;New York;NY;Upper East Side;Mediterranean;$$
Bianca;5 Bleecker St;New York;NY;NoLita;Italian;$$
Big Nick's Burger Joint;2175 Broadway;New York;NY;Upper West Side;American;$
Big Wong;67 Mott St;;;;;
Bistro Cassis;225 Columbus Ave;New York;NY;Upper West Side;French;$$
Bistro Citron;473 Columbus Ave.;;;;;
Bistro Les Amis;180 Spring St/Thompson;New York;NY;SOHO;French;$$
Bistro Ten 18;1018 Amsterdam Ave;New York;NY;Upper West Side;American;$$
Black Iron Burger Shop;540 E 5th St;New York;NY;East Village;American;$$$
Black Pearl;37 W. 26th Street;New York;NY;Chelsea;Seafood;$$
Blaue Gans;139 Duane Street;New York;NY;TriBeCa;German;$$$
Blockheads Mexican Diner;954 Second Ave;New York;NY;Midtown West;Mexican;$
Bloomingdale Road;2398 Broadway;New York;NY;American;$$$;
Blossom;187 Ninth Ave.;New York;NY;Vegetarian;$$;
Blue 9 Burger;92 3rd Ave;New York;NY;East Village;American;$
Blue Fin;1567 Broadway at 47th;New York;NY;Midtown West;Seafood;$$$
Blue Hill;75 Washington Place;New York;NY;Greenwich Village;American;$$$$
Blue Ribbon;97 Sullivan Street;New York;NY;SOHO;American;$$$
Blue Ribbon Bakery;33 Downing Street;New York;NY;Greenwich Village;American;$$
Blue Ribbon Sushi;119 Sullivan St;New York;NY;SOHO;Sushi;$$$
Blue Smoke;116 E 27th St;New York;NY;Gramercy Park;Barbecue;$$
Blue Water Grill;31 Union Square West;New York;NY;Union Square;Seafood;$$$
Bluechili;251 W 51st St;New York;NY;Midtown West;Asian;$$
Bobby Van's Grill - 50th Street;135 W 50th St;New York;NY;Midtown West;Italian;$$$
Bobby Van's Steakhouse-54th Street;131 E 54th Street;New York;NY;Midtown East;Steakhouse;$$$
Bobby Van's Steakhouse-Park Avenue;230 Park Avenue;New York;NY;Midtown East;Steakhouse;$$$
Bobo;181 W. 10th St.;New York;NY;Greenwich Village;European;$$$$
Boca Chica;13 First Avenue;New York;NY;East Village;South American;$
Boi;246 East 44th Street;New York;NY;Midtown East;Vietnamese;$$
Boi To Go;800 Second Ave;New York;NY;Midtown East;Vietnamese;$$
Bolo;23 E 22nd St;New York;NY;Flatiron;Spanish;$$$$
Bombay Grill;344 Lexington Ave;New York;NY;Indian;$$;
Bombay Palace;30 W 52nd St;New York;NY;Midtown West;Indian;$$
Bombay Talkie;189 Ninth Ave;New York;NY;Chelsea;Indian;$$
Bond 45;154 W 45th St;New York;NY;Midtown West;Italian;$$$
Bondi Road;153 Rivington St.;New York;NY;Australian;$$;
Bondst;6 Bond Street;New York;NY;TriBeCa;Japanese;$$$$
Boom;152 Spring Street;New York;NY;SOHO;Italian;$$
Boqueria;53 W. 19th St.;New York;NY;Spanish;$$$;
Borgo Antico;22 E 13th St;New York;NY;East Village;Italian;$$$
Bottino;246 10th Ave;New York;NY;Chelsea;Italian;$$$
Bouley;120 West Broadway;New York;NY;TriBeCa;French;$$$$$
Bourbon Street Bar & Grille;346 W 46th Street;New York;NY;Creole-Cajun;$$$$;
Brasserie;100 East 53rd St;New York;NY;Midtown East;French;$$$
Brasserie 8 1/2;9 W 57th St;New York;NY;Midtown West;French;$$$$
Brasserie Julien;1422 3rd Ave (Between 80th & 81st Streets);New York;NY;Upper East Side;French;$$
Bread;20 Spring St;New York;NY;NoLita;American;$$
Bricco Ristorante;304 W 56th St;;;;;
Brick Lane Curry;342 East 6th St;New York;NY;East Village;Indian;$
Bridge Cafe;279 Water St;New York;NY;Financial District;American;$$$
Bright Food Shop;218 Eighth Ave;New York;NY;Chelsea;Asian;$
Broadway East;171 East Broadway;New York;NY;Lower East Side;American;$$$
Broadway Joe Steakhouse;315 West 46th Street;New York;NY;Theater;Steakhouse;$$$
Brother Jimmy's Bbq;1461 1st Ave;New York;NY;Midtown East;Southern;$
Bubba Gump Shrimp Co.;1501 Broadway;New York;NY;Midtown West;American;$
Bubble Loung;228 W Broadway;New York;NY;TriBeCa;Small Plates;$$$
Bubby's;120 Hudson St;New York;NY;TriBeCa;American;$
Buddakan;75 Ninth Ave;New York;NY;Chelsea;Fusion;$$$$
Buddha BBeeQ;1750 Second Ave.;New York;NY;Upper East Side;Korean;$
Buddha Bar;25 Little West 12th Street;New York;NY;Meatpacking District;Asian;$$$$
Buenos Aires;513 E Sixth St;New York;NY;East Village;Argentinean;$$
Bukhara Grill;217 E 49th St;New York;NY;Midtown East;Indian;$$
Bull Run;52 William St;New York;NY;Financial District;American;$$$
Burger Joint;190 Bleecker St;New York;NY;Gramercy Park;American;$
Burritoville;352 W 39th St;New York;NY;Midtown West;Southwestern;$
Butai;115 E 18th St;New York;NY;Gramercy Park;Japanese;$$$
Butter;415 Lafayette St;New York;NY;East Village;American;$$$
Cabana;89 S St Pier 17 Pavilion;New York;NY;Upper East Side;Nuevo Latino;$$
Cabrito;50 Carmine St.;New York;NY;Fusion;;
Cacio E Pepe;182 Second Ave;New York;NY;East Village;Italian;$$
Cafe Asean;117 West 10th Street;;;;;
Cafe Blossom;466 Columbus Ave;;;;;
Cafe Centro;200 Park Ave;New York;NY;Midtown East;Mediterranean;$$$
Cafe Con Leche;726 Amsterdam Ave;New York;NY;Upper West Side;Cuban;$
Cafe De Bruxelles;118 Greenwich Ave;New York;NY;West Village;Belgian;$$
Cafe Des Artistes;1 W 67th Street;New York;NY;Upper West Side;French;$$$
Cafe Du Soleil;2723 Broadway;New York;NY;Upper West Side;French;$$$
Cafe Espanol;172 Bleecker Street;New York;NY;Greenwich Village;American;$
Cafe Frida;368 Columbus Ave;New York;NY;Upper West Side;Mexican;$$
Cafe Gitane;242 Mott St;New York;NY;NoLita;French;$
Cafe Gray;10 Columbus Circle, 3rd Fl;New York;NY;Upper West Side;French;$$$$$
Cafe Habana;229 Elizabeth St;New York;NY;NoLita;Cuban;$
Cafe Joul;1070 First Avenue;New York;NY;Midtown East;French;$$
Cafe Lalo;201 W 83rd St;New York;NY;Upper West Side;American;$
Cafe Loup;105 W 13th St;New York;NY;Greenwich Village;French;$$$
Cafe Mogador;101 St Marks Pl;New York;NY;East Village;Moroccan;$
Cafe Ronda;249-251 Columbus Ave;New York;NY;Upper West Side;Mediterranean;$$
Cafe Rustico East;230 East 29th St.;New York;NY;Midtown East;Italian;$$$
Cafe Select;212 Lafayette Street;New York;NY;International;$$$;
Cafe Spice;72 University Pl;;;;;
Cafe St. Barts;Park Avenue @ 50th St.;New York;NY;Upper East Side;American;$$$
Cafe Un Deux Trois;123 W 44th St;New York;NY;Midtown West;French;$$$
Cafeteria;119 Seventh Avenue;New York;NY;Chelsea;American;$
Caffe Falai;68 Clinton St.;New York;NY;SOHO;Italian;$$
Café Boulud;20 East 76th St;New York;NY;Upper East Side;French;$$$$
Café Sabarsky;1048 Fifth Ave;New York;NY;Upper East Side;Austrian;$$
Calle Ocho;446 Columbus Avenue;New York;NY;Upper West Side;Cuban;$$
Camaje;85 Macdougal St;New York;NY;Greenwich Village;American;$$
Camino Sur;336 W 37th St;New York;NY;Midtown West;South American;$$$
Campagnola;1382 First Ave;New York;NY;Upper East Side;Italian;$$$$
Candela;Candela, 92 Second Avenue;New York;NY;East Village;Cuban;$$
Candle 79;154 E 79 St;New York;NY;Upper East Side;Vegetarian;$$
Candle Cafe;1307 Third Avenue;New York;NY;Upper East Side;Vegetarian;$
Canyon Road;1470 First Avenue;New York;NY;Upper East Side;Southwestern;$$
Capital Grille;155 E 42nd St;New York;NY;Midtown East;Steakhouse;$$$$
Caracas Arepa Bar;91 East 7th St;New York;NY;East Village;South American;$
Carmine's;2450 Broadway;New York;NY;Midtown West;Italian;$$
Carnegie Deli;854 7th Ave;New York;NY;Midtown West;Deli;$
Casa;72 Bedford St;New York;NY;West Village;South American;$$
Casa La Femme North;1076 First Ave;New York;NY;Midtown East;African;$$$
Casa Mono;125 East 17th;New York;NY;Gramercy Park;Spanish;$$$
Casimir;103-105 Ave B;New York;NY;East Village;French;$$
Caterina's;316 East 53rd Street;New York;NY;Midtown East;Hungarian;$$$
Celeste;502 Amsterdam Ave;New York;NY;Upper West Side;Italian;$$
Cellini Restaurant;65 E 54th St;New York;NY;Midtown East;Italian;$$$
Cendrillon;45 Mercer St;New York;NY;SOHO;Southeast Asian;$$
Central Park Boathouse;Enter on E 72nd St;;;;;
Cercle Rouge;241 W Broadway;New York;NY;TriBeCa;American;$$$
Chanterelle;2 Harrison St;New York;NY;TriBeCa;French;$$$$$
Charlie Palmer's Metrazur;East Balcony #4, 404 Grand Central Terminal, 42nd Street;New York;NY;Midtown East;American;$$$
Chat 'N Chew;10 E 16th St;New York;NY;Union Square;American;$
Chemist Club Grill;Dylan Hotel;New York;NY;Midtown East;American;$$$
Chennai Garden;129 E 27 St;New York;NY;Gramercy Park;Indian;$
Chez Jacqueline;72 Macdougal St;New York;NY;Greenwich Village;French;$$$
Chikalicious Dessert Bar;203 E 10th St;New York;NY;East Village;American;$
Chimichurri Grill;606 9th Avenue;New York;NY;Midtown West;South American;$$$
Chin Chin;216 E 49th St;New York;NY;Midtown East;Chinese;$$$
China Fun;246 Columbus Ave;New York;NY;Upper West Side;Chinese;$
China Grill;60 W 53rd St;New York;NY;Midtown West;Asian;$$$$
China de Puebla;3143 Broadway;New York;NY;Harlem;Asian;
Chinatown Brasserie;380 Lafayette St;New York;NY;NoLita;Chinese;$$$
Chino's;173 Third Ave;New York;NY;Gramercy Park;Asian;$
Chipotle;100 Maiden Ln.;New York;NY;Financial District;Mexican;$
Chiyono;328 E. Sixth St.;New York;NY;Japanese;$$;
Cho Dang Gol;55 W 35th St;New York;NY;Midtown West;Korean;$
Chocolate Bar;48 8th Ave;New York;NY;Greenwich Village;Dessert;$$$
Chola;232 E 58th St;New York;NY;Midtown East;Indian;$$
Choshi Restaurant;77 Irving Pl;New York;NY;Greenwich Village;Japanese;$$
Chow Bar;230 W Fourth St;New York;NY;West Village;Asian;$$
Churrascaria Plataforma Ny;316 W 49th Street;New York;NY;Midtown West;South American;$$$
Cibo;767 Second Avenue;New York;NY;Midtown East;American;$$$
Cilantro;1712 2nd Ave;New York;NY;Upper East Side;Southwestern;$
Cinema Cafe On 34th;505 3rd Ave;;;;;
Circus;132 E 61st St;New York;NY;Upper East Side;South American;$$$
Citrus Bar & Grill;320 Amsterdam Ave;New York;NY;Upper West Side;Asian;$$
City Bakery;3 W 18th St;New York;NY;Flatiron;American;$
City Burger;1410 Broadway;New York;NY;Midtown West;American;$$
City Crab & Seafood;235 Park Ave S;New York;NY;Lower East Side;Seafood;$$$
City Hall;131 Duane St;New York;NY;TriBeCa;Seafood;$$$
Coffee Shop;29 Union Square West;New York;NY;Union Square;American;$
Colors;417 Lafayette St;New York;NY;East Village;International;$$$
Columbus Bakery;474 Columbus Ave;;;;;
Comfort Diner;25 W 23rd St;New York;NY;Midtown East;American;$
Compass;208 W 70th Street;New York;NY;Upper West Side;American;$$$
Convivio;45 Tudor City Pl;New York;NY;Midtown East;Italian;$$$$$
Cookshop;156 10th Ave;New York;NY;Chelsea;American;$$$$
Coppola's Pizzeria Restaurant;206 W 79th St;New York;NY;Upper West Side;Italian;$$
Cornelia Street Cafe;29 Cornelia Street;New York;NY;Greenwich Village;American;$$$
Corner Bistro;331 W 4th St;New York;NY;West Village;American;$
Cosette;163 E 33rd St;New York;NY;Murray Hill;French;$$
Cosi;53 E. Eighth St.;New York;NY;Greenwich Village;American;$
Counter;105 First Ave;New York;NY;East Village;Vegetarian;$$
Country;90 Madison Ave, 2nd Fl;New York;NY;Gramercy Park;American;$$$$
Cowgirl;519 Hudson Street;New York;NY;West Village;Southwestern;$
Craft;43 E 19th St;New York;NY;Union Square;American;$$$$$
Craftbar;900 Broadway;New York;NY;Flatiron;American;$$$
Craftsteak;85 10th Ave;New York;NY;Chelsea;Steakhouse;$$$$$
Crema Restaurante;111 West 17th Street;New York;NY;Chelsea;Mexican;$$$
Creole;2167 Third Ave;New York;NY;Harlem;Creole-Cajun;$$
Crisp;684 3rd Ave;New York;NY;Midtown East;Middle Eastern;$$
Crispo;240 W 14th St;New York;NY;West Village;Italian;$$$
Crooked Knife;29 E. 30th Street;New York;NY;Murray Hill;British;$$
Cru;24 Fifth Ave;New York;NY;Greenwich Village;Mediterranean;$$$$
Crumbs Bake Shop;1371 3rd Ave;;;;;
Cuba;222 Thompson Street;New York;NY;Greenwich Village;Cuban;$$
Cuba Cafe;200 Eighth Ave;New York;NY;Chelsea;Cuban;$
Cubana Cafe;110 Thompson St;New York;NY;Greenwich Village;Cuban;$
Cube 63;63 Clinton St;New York;NY;Lower East Side;Japanese;$$
Cucina Di Pesce;87 E 4th St;New York;NY;East Village;Italian;$
Da Andrea;557 Hudson St;New York;NY;West Village;Italian;$$
Da Antonio;157 E 55th St;New York;NY;Midtown East;Italian;$$$$
Da Ciro;229 Lexington Ave;New York;NY;Murray Hill;Italian;$$
Da Nico;164 Mulberry St.;New York;NY;Italian;$$;
Da Silvano;260 6th Avenue;New York;NY;Greenwich Village;Italian;$$$
Da Umberto;107 West 17th Street;New York;NY;Italian;$$$;
Dallas Bbq;27 W 72nd St;New York;NY;Upper West Side;American;$
Danal;90 E 10th St;New York;NY;East Village;French;$$
Daniel;60 E 65th St;New York;NY;Upper East Side;French;$$$$$
Danube;30 Hudson St;New York;NY;TriBeCa;Austrian;$$$$$
David Burke at Bloomingdales;1000 Third Avenue;New York;NY;American;$$$;
Davidburke & Donatella;133 E 61st St;New York;NY;Upper East Side;American;$$$$
Dawat;210 E 58th St;New York;NY;Midtown East;Indian;$$$
DeGrezia;231 E 50th St;New York;NY;Midtown East;Italian;$$$
Degustation;239 E Fifth St;New York;NY;East Village;Spanish;$$$
Del Frisco's;1221 Sixth Ave;New York;NY;Midtown West;Steakhouse;$$$$
Del Posto;85 10th Ave;New York;NY;Chelsea;Italian;$$$$$
Delmonico's;56 Beaver Street;New York;NY;Financial District;American;$$$$$
Delta Grill;700 Ninth Ave;New York;NY;Midtown West;Creole-Cajun;$$
Demarchelier;50 E. 86th St.;;;;;
Dervish Turkish;146 West 47th Street;New York;NY;Midtown West;Middle Eastern;$$
Desnuda;122 E 7th St;New York;NY;East Village;Seafood;$$$
Devi;8 E 18th St;New York;NY;Flatiron;Indian;$$$$
Dim Sum Go Go;5 E Broadway;New York;NY;Chinatown;Chinese;$
Dinosaur Bar-B-Que;646 W 131st St;New York;NY;Harlem;American;$
Ditch Plains;29 Bedford St.;;;;;
Diva;341 W Broadway;New York;NY;SOHO;Italian;$$$
Django;480 Lexington Avenue;New York;NY;Midtown East;French;$$$
Do Hwa;55 Carmine St;New York;NY;Greenwich Village;Korean;$$
Dok Suni;119 First Ave;New York;NY;East Village;Korean;$$
Dolce Vita;181 Grand Street;;;;;
Don Giovanni Ristorante;214 Tenth Avenue;New York;NY;Chelsea;Italian;$
Don Pedro's;1865 Second Ave;New York;NY;Upper East Side;Caribbean;$$
Donguri;309 E 83rd St;New York;NY;Upper East Side;Japanese;$$$
Dos Caminos;825 Third Ave.;New York;NY;Mexican;$$$;
Dos Caminos Park;373 Park Ave South;New York;NY;Gramercy Park;Mexican;$$
Dos Caminos Soho;475 West Broadway;New York;NY;SOHO;Mexican;$$$
Doyers Vietnamese;11-13 Doyers St;New York;NY;Chinatown;Asian;$
Duane Park Cafe;157 Duane St;New York;NY;TriBeCa;American;$$$
Duke's;99 E. 19th St.;New York;NY;Barbecue;$$$;
Dylan Prime;62 Laight St;New York;NY;TriBeCa;Steakhouse;$$$$$
E.A.T.;1064 Madison Avenue;New York;NY;Upper East Side;American;$$
East Of Eighth;254 West 23rd St;;;;;
Eatery;798 9th Ave;New York;NY;Midtown West;American;$
Eight Mile Creek;240 Mulberry St;New York;NY;Little Italy;Australian;$$
El Charro Espanol;4 Charles St;New York;NY;Greenwich Village;Spanish;$$$
El Faro;823 Greenwich St;New York;NY;West Village;Spanish;$$
El Malecon;4141 Broadway;New York;NY;Harlem;Caribbean;$
El Parador Cafe;325 E 34th St;New York;NY;Murray Hill;Mexican;$$
El Pote;718 2nd Ave;New York;NY;Murray Hill;Spanish;$$
El Quijote;226 W 23rd St;New York;NY;Chelsea;Spanish;$$
El Rio Grande;160 East 38th Street;New York;NY;Midtown East;Southwestern;$$$
Elaine's Restaurant;1703 Second Ave;New York;NY;Upper East Side;American;$$$
Elephant;The, 58 E First St;New York;NY;East Village;French;$$
Eleven Madison Park;11 Madison Ave;New York;NY;Gramercy Park;American;$$$$$
Elmo;156 Seventh Ave;New York;NY;Chelsea;American;$$
Emack & Bolio's;389 Amsterdam Ave;New York;NY;Upper West Side;American;$
Employees Only;510 Hudson St;New York;NY;West Village;European;$$$
En Japanese Brasserie;435 Hudson St;New York;NY;West Village;Japanese;$$$
Epicerie;170 Orchard St;New York;NY;East Village;French;$$
Epices Inc;103 W 70th St;New York;NY;Upper West Side;Mediterranean;$$
Erminia;250 E 83rd St;New York;NY;Upper East Side;Italian;$$$
Esca;402 W 43rd St;New York;NY;Midtown West;Italian;$$$$
Esperanto;145 Ave C;New York;NY;East Village;Nuevo Latino;$$
Espn Zone;1472 Broadway;New York;NY;Midtown West;American;$
Essex;120 Essex St;New York;NY;Lower East Side;American;$
Estancia 460;460 Greenwich St;New York;NY;Midtown West;Argentinean;$$
Estiatorio Milos;125 West 55th Street;New York;NY;Midtown West;Greek;$$$$
Etats-Unis;242 E 81st St;New York;NY;Upper East Side;American;$$$
Etcetera Etcetera;352 W 44th St;New York;NY;Theater;Italian;$
Ethiopian Restaurant;The, 1582 York Ave;New York;NY;Upper East Side;African;$
Eva's Health Food;11 W. 8th Street;;;;;
Extra Virgin;259 W 4th St;New York;NY;West Village;Mediterranean;$$
F.illi Ponte;39 Desbrosses St.;New York;NY;Italian;$$$$;
FR.OG;71 Spring Street;New York;NY;SOHO;French;$$$
Falai;68 Clinton St;New York;NY;Lower East Side;Italian;$$$
Fat Hippo;71 Clinto St.;;;;;
Fatty Crab;643 Hudson Street;New York;NY;Meatpacking District;Indonesian;$$
Felidia;243 East 58th Street;New York;NY;Midtown East;Italian;$$$$
Felix;340 W Broadway;New York;NY;SOHO;French;$$
Fiamma Osteria;206 Spring Street;New York;NY;SOHO;Italian;$$$
Fig & Olive Kitchen & Tasting Bar;808 Lexington Ave;New York;NY;Upper East Side;Mediterranean;$$
Fig and Olive Downton;420 W. 13th Street;New York;NY;Meatpacking District;Mediterranean;$$$
Film Center Cafe;635 9th Avenue;New York;NY;Midtown West;American;$$
Fish;280 Bleecker St;New York;NY;Greenwich Village;Seafood;$$
Five Points;31 Great Jones Street;New York;NY;NoLita;American;$$$
Flea Market Cafe;131 Ave A;New York;NY;East Village;French;$
Fleur De Sel;5 E 20th St;New York;NY;Flatiron;French;$$$$$
Flor De Mayo;484 Amsterdam Ave;New York;NY;Upper West Side;Chinese;$
Florent;69 Gansevoort St;New York;NY;Meatpacking District;American;$
Forge;134 Reade St;New York;NY;TriBeCa;American;$$$$
Franchia Teahouse & Restaurant;12 Park Ave;New York;NY;Murray Hill;Korean;$$
Francisco's Centro Vasco;159 W 23rd St;;;;;
Frank Restaurant;88 Second Ave;New York;NY;East Village;Italian;$
Frank's;410 W 16th St;New York;NY;Chelsea;Italian;$$$
Frankie & Johnnie's Steakhouse;32 W 37th St;New York;NY;Midtown West;Steakhouse;$$$
Frankie & Johnnie's Steakhouse;269 West 45th Street;New York;NY;Midtown West;Steakhouse;$$$
Fred's Restaurant;476 Amsterdam Ave;;;;;
Frederick's;8 West 58th Street;New York;NY;Midtown West;Asian;$$$
Frederick's Madison;768 Madison Ave;New York;NY;Upper East Side;Mediterranean;$$$$
Freeman;Freeman Alley;New York;NY;Lower East Side;American;$$
French Roast;2340 Broadway;New York;NY;Upper West Side;Breakfast;$
Fresco by Scotto;34 E 52nd St;New York;NY;Midtown East;Italian;$$$
Fresh;105 Reade St;New York;NY;TriBeCa;Seafood;$$$
Friend Of a Farmer;77 Irving Pl;New York;NY;Gramercy Park;American;$
Funky Diner;466 Columbus Ave.;New York;NY;Upper West Side;American;$
Gabriel's Bar & Restaurant;11 W 60th St;New York;NY;Upper West Side;Italian;$$$
Gabriela's;688 Columbus Avenue;New York;NY;Upper West Side;Mexican;$$
Gallaghers;228 W 52nd St;New York;NY;Midtown West;Steakhouse;$$$$
Gammeeok Restaurant;43 W 32nd St;New York;NY;Midtown West;Korean;$
Garage Restaurant and Cafe;99 7th Avenue;New York;NY;Chelsea;American;$$$
Gari;370 Columbus Ave;New York;NY;Upper West Side;Sushi;$$$$$
Gascogne;158 8th Avenue;New York;NY;Chelsea;French;$$$
Gaucho Steak Co.;752 10th Ave.;New York;NY;Argentinean;$$;
Gavroche;212 W 14th St;New York;NY;West Village;French;$$$
Geisha;33 E 61st St;New York;NY;Upper East Side;Japanese;$$$$
Gennaro;665 Amsterdam Ave;New York;NY;Upper West Side;Italian;$$
Ghenet Restaurant;284 Mulberry St;New York;NY;NoLita;African;$
Ginger;1400 Fifth Ave;New York;NY;Upper East Side;Chinese;$
Giorgione 508;508 Greenwich St;New York;NY;SOHO;Continental;$$$
Gobo;1426 Third Ave.;New York;NY;Vegetarian;$$;
Golden Unicorn;18 E Broadway;;;;;
Gonzalez Y Gonzalez;625 Broadway;New York;NY;SOHO;Mexican;$$$
Good;89 Greenwich St;New York;NY;West Village;American;$$
Good Enough To Eat;483 West Amsterdam Avenue;New York;NY;Upper West Side;American;$
Goodies;1 E Broadway;New York;NY;Chinatown;Chinese;$
Gordon Ramsay;The London NYC;New York;NY;Midtown West;French;$$$$$
Gotham Bar & Grill;12 E 12th St;New York;NY;Greenwich Village;American;$$$$
Grace's Trattoria Cafe & Grill;201 E 71st St;New York;NY;Upper East Side;Italian;$$$
Gramercy Tavern;42 E 20th St;New York;NY;Union Square;American;$$$$
Grand Central Oyster Bar/Saloon;89 E 42nd Street, Grand Central Terminal (Lower L;New York;NY;Midtown West;Seafood;$$
Gray's Papaya;539 8th Avenue;New York;NY;Hell's Kitchen;Fast Food;$
Gray's Papaya;2090 Broadway;New York;NY;Upper West Side;American;$
Great Jones Cafe;54 Great Jones St;New York;NY;NoLita;Southern;$
Great N.Y. Noodle Town;28 Bowery;New York;NY;Chinatown;Chinese;$
Greenwich Grill;428 Greenwich St;New York;NY;TriBeCa;Californian;$$$
Grey Dog's Coffee Ltd;33 Carmine St;New York;NY;Greenwich Village;American;$
Grifone Restaurant;244 E 46th St;New York;NY;Midtown East;Italian;$$$
Grotto Azzurra;177 Mulberry St;New York;NY;Little Italy;Italian;$$$
Gus's Place;192 Bleecker Street;New York;NY;Greenwich Village;Greek;$
Gyu-Kaku;805 3rd Ave;New York;NY;Midtown East;Japanese;$$
Gyu-Kaku Japanese;34 Cooper Square;New York;NY;East Village;Japanese;$$
HQ;90 Thompson St;;;;;
Hallo Berlin;626 10th Ave.;New York;NY;German;$;
Hangawi;12 E 32nd Street;New York;NY;Murray Hill;Korean;$$$
Haru;433 Amsterdam Ave;New York;NY;Upper West Side;Japanese;$$
Haru Japanese;205 West 43rd St;New York;NY;Midtown West;Japanese;$$
Haru-Park Ave.;280 Park Ave;New York;NY;Flatiron;Sushi;$$
Hasaki;210 E Ninth St;New York;NY;East Village;Sushi;$$
Hatsuhana;237 Park Ave;New York;NY;Midtown East;Sushi;$$$$
Havana Alma De Cuba;94 Christopher St;New York;NY;West Village;Cuban;$$
Havana Central;151 W 46th Street;New York;NY;Midtown West;Cuban;$$
Havana Central - Union Square;22 E 17th St;New York;NY;Union Square;Cuban;$$
Haveli;100 Second Ave;New York;NY;East Village;Indian;$$
Hea;145 E. 13th St.;New York;NY;East Village;Pan-Asian;$$$
Hearth;403 E 12th St;New York;NY;East Village;American;$$$$
Heartland Brewery;1285 Sixth Ave;New York;NY;Midtown West;American;$$
Hedeh;57 Great Jones St;New York;NY;NoLita;Sushi;$$$
Heidelberg;1648 2nd Ave;New York;NY;Upper East Side;German;$$
Hell's Kitchen;679 Ninth Ave;New York;NY;Midtown West;Mexican;$$$
Highline;835 Washington St;New York;NY;Meatpacking District;Asian;$$
Hill Country;30 W. 26th St.;New York;NY;Chelsea;Barbecue;$$
Hispaniola;839 W 181st St;New York;NY;Harlem;Asian;$$
Holy Basil;149 Second Ave;New York;NY;East Village;Asian;$
Home;20 Cornelia St;New York;NY;Greenwich Village;American;$$
Houston's;378 Park Ave. S.;New York;NY;American;$$;
Houston's Restaurant;153 E 53rd St;New York;NY;Midtown East;American;$$
Hsf;46 Bowery;New York;NY;Chinatown;Chinese;$
Hudson Cafeteria;356 West 58th Street;New York;NY;Midtown West;American;$$$
Hudson River Café;697 West 133rd ST.;New York;NY;Harlem;American;$$
Hummus Place;109 St. Marks Pl.;;;;;
Hunan Park Restaurant;235 Columbus Ave;;;;;
I Coppi;432 E Ninth St;New York;NY;East Village;Italian;$$$
I Sodi;105 Christopher St;New York;NY;Greenwich Village;Italian;$$$
I Tre Merli;463 W Broadway;New York;NY;SOHO;Italian;$$$
I Trulli;122 E 27th St;New York;NY;Gramercy Park;Italian;$$$
Icon;130 E 39th Street;New York;NY;Midtown East;American;$$$
Ideya;349 W Broadway;New York;NY;SOHO;Caribbean;$$
Iguana;240 W 54th St;;;;;
Il Bagatto;192 E Second St;New York;NY;East Village;Italian;$$
Il Bastardo;191 Seventh Ave;New York;NY;Chelsea;Steakhouse;$$$
Il Brigante;214 Front St.;New York;NY;Financial District;Italian;$$
Il Buco;47 Bond St;New York;NY;NoLita;Italian;$$$
Il Cantinori;32 East 10th St;New York;NY;Greenwich Village;Italian;$$$$
Il Cortile;125 Mulberry St;New York;NY;Little Italy;Italian;$$$
Il Gattopardo;33 W 54th St;New York;NY;Midtown West;Italian;$$$
Il Giglio;81 Warren St;New York;NY;TriBeCa;Italian;$$$$
Il Mulino;86 W 3rd St;New York;NY;Greenwich Village;Italian;$$$$
Il Valentino;330 East 56th Street;New York;NY;Midtown East;Italian;$$$
Inagiku;111 East 49th Street;New York;NY;Midtown East;Sushi;$$$$
Indochine;430 Lafayette St;New York;NY;East Village;French;$$$
Indus Valley;2636 Broadway;New York;NY;Upper West Side;Indian;$$
Industria Argentina;329 Greenwich St.;New York;NY;Argentinean;$$$;
Inn LW12;7 Ninth Avenue;New York;NY;Meatpacking District;British;$$$
Insieme;777 Seventh Avenue;New York;NY;Midtown West;Italian;$$$$
Ippudo;65 4th Ave;New York;NY;East Village;Japanese;$$$
Isabella's;359 Columbus Ave;New York;NY;Upper West Side;American;$$
Island Burgers & Shakes;766 9th Ave;New York;NY;Midtown West;American;$
It's A Dominican Thing;144 W 19th St;New York;NY;Chelsea;Caribbean;$
Ithaka;308 E 86th St;New York;NY;Upper East Side;Greek;$$$
Ivo & Lulu;558 Broome St;New York;NY;SOHO;Caribbean;$
Jack's Luxury Oyster Bar;246 E Fifth St;New York;NY;East Village;Continental;$$$$
Jacks Bar and Restaurant;147West 40th Street;New York;NY;Theater;American;$$$
Jackson Hole;232 E 64th St;;;;;
Jacques-Imo's;366 Columbus Ave;New York;NY;Upper West Side;Creole-Cajun;$$
Jaipur's;1007 2nd Avenue;New York;NY;Midtown East;Indian;$
Jane;100 W Houston St;New York;NY;Greenwich Village;American;$$$
Japonica;100 University Pl;New York;NY;Greenwich Village;Sushi;$$$
Jarnac;328 W 12th St;New York;NY;West Village;French;$$$
Jean Georges;1 Central Park W;New York;NY;Upper West Side;French;$$$$$
Jekyll & Hyde Club;1409 Ave Of The Americas;New York;NY;Greenwich Village;American;$$
Jerry's;101 Prince St;New York;NY;SOHO;American;$$
Jewel Of India;15 W 44th St;New York;NY;Midtown West;Indian;$$
Jezebel;630 Ninth Ave;New York;NY;Midtown West;Southern;$$$
JoJo;160 E 64th St;New York;NY;Upper East Side;French;$$$$
Joe's Pizza;7 Carmine St;New York;NY;Greenwich Village;Pizza;$
Joe's Shanghai Restaurant;St Pell St Fl 1;New York;NY;Midtown West;Chinese;$
John's Of 12th Street;302 E 12th St;New York;NY;East Village;Italian;$$
John's Pizzeria;408 E 64th St;New York;NY;Upper East Side;Pizza;$
Johnny Utah's;25 W. 51st St.;;;;;
Joseph's Restaurant;St Hanover Sq;New York;NY;Wall Street;Italian;$$$
Josie's;300 Amsterdam Avenue;New York;NY;Upper West Side;International;$$
Jules;65 St Marks Pl;New York;NY;East Village;French;$$
Kabab Factory;101 Lexington Avenue;New York;NY;Murray Hill;Indian;$$
Kai;822 Madison Ave;New York;NY;Upper East Side;Japanese;$$$$
Kaijou;21 South End Street;New York;NY;Financial District;Japanese;$$
Kampuchea;78 Rivington St.;New York;NY;Cambodian;;
Kang Such Restaurant;1250 Broadway;New York;NY;Midtown West;Korean;$$
Kanoyama;175 Second Ave;New York;NY;East Village;Sushi;$$
Katz's Delicatessen;205 East Houston Street;New York;NY;Lower East Side;Deli;$
Keens Steakhouse;72 W 36th St;New York;NY;Midtown West;Steakhouse;$$$
Kefi;222 W. 79th St.;New York;NY;Upper West Side;Greek;$$$
Kellari Taverna;19 W 44th St;New York;NY;Midtown West;Greek;$$
Kelley & Ping;127 Greene St;New York;NY;SOHO;Asian;$
Kin Khao;171 Spring Street;New York;NY;SOHO;Asian;$$
Kings' Carriage House;251 E 82nd St;New York;NY;Upper East Side;Continental;$$$
Kinoko Japanese Restaurant;165 W 72nd Street;New York;NY;Japanese;$$;
Kittichai;60 Thompson St;New York;NY;SOHO;Thai;$$$$
Klee Brasserie;200 9th Avenue;New York;NY;Chelsea;American;$$$
Klong;7 St Marks Pl;New York;NY;East Village;Asian;$
Knickerbocker Bar & Grill;33 University Pl;New York;NY;Greenwich Village;American;$$$
Koi;40 W 40th St;New York;NY;Midtown West;Asian;$$$$
Kori;253 Church St;New York;NY;TriBeCa;Korean;$$
Kum Gang San;49 W 32nd St;New York;NY;Midtown West;Korean;$$
Kuma Inn;113 Ludlow St;New York;NY;Lower East Side;Southeast Asian;$$
Kuruma Zushi;7 E 47th St, 2nd Fl;New York;NY;Midtown East;Sushi;$$$$$
Kwik Meal;Food Cart;New York;NY;Theater;Middle Eastern;$
Kyma;300 W 46th St;New York;NY;Midtown West;Greek;$$$
Kyo Ya;94 E 7th St;New York;NY;East Village;Japanese;$$$$
L'Allegria;623 9th Ave;New York;NY;Theater;Italian;$$
L'Atelier de Joel Robuchon;57 E. 57th Street;New York;NY;Midtown East;French;$$$$$
L'Ecole;462 Broadway;New York;NY;SOHO;French;$$$
L'Entrecote;1057 First Ave.;;;;;
L'Impero - CLOSED;45 Tudor City Pl;New York;NY;Midtown East;Italian;$$$$
La Belle Vie;184 Eighth Ave;New York;NY;Chelsea;French;$$
La Bergamote;169 Ninth Ave;New York;NY;Chelsea;French;$
La Boite En Bois;75 W 68th St;New York;NY;Upper West Side;French;$$$
La Goulue;746 Madison Ave;New York;NY;Upper East Side;French;$$$
La Grenouille;3 E 52nd St;New York;NY;Midtown East;French;$$$$
La Grolla;413 Amsterdam Ave;;;;;
La Lunchonette;130 10th Ave;New York;NY;Chelsea;French;$$
La Mela Ristorante;167 Mulberry St;New York;NY;Little Italy;Italian;$$
La Paella;214 E Ninth St;New York;NY;East Village;Spanish;$$
La Palapa;77 St Marks Pl;New York;NY;Greenwich Village;Mexican;$$
La Pizza Fresca Ristorante;31 E 20th St;New York;NY;Union Square;Italian;$$
La Taza De Oro;96 Eighth Ave;New York;NY;Chelsea;Caribbean;$
La Tour;1319 3rd Ave.;New York;NY;French;$$$$;
La Vela;373 Amsterdam Ave;New York;NY;Upper West Side;Italian;$$
La Vineria;737 9th Ave.;;;;;
Lan;56 Third Ave;New York;NY;East Village;Sushi;$$
Land;450 Amsterdam Ave;;;;;
Land Thai Kitchen;450 Amsterdam Ave;New York;NY;Upper West Side;Thai;$$
Land Thai Kitchen;1565 Second Avenue;;;;;
Landmarc;10 Columbus Circle, 3rd floor;New York;NY;Upper West Side;French;$$$
Landmarc;179 W Broadway;New York;NY;Gramercy Park;French;$$$
Lasagna Ristorante;785 9th ave;New York;NY;Hell's Kitchen;Italian;$$
Lavagna;545 E. Fifth St.;New York;NY;Italian;$$$;
Le Bernardin;155 W 51st St;New York;NY;Midtown West;Seafood;$$$$$
Le Bilboquet;25 E 63rd St;New York;NY;Upper East Side;French;$$$
Le Boeuf a La Mode;539 E 81st St;New York;NY;Upper East Side;French;$$$
Le Gamin;522 Hudson St;New York;NY;West Village;French;$
Le Gigot;18 Cornelia St;New York;NY;Greenwich Village;French;$$$
Le Jardin Bistro;25 Cleveland Pl;New York;NY;NoLita;French;$$$
Le Madeleine;403 W 43rd Street;New York;NY;Midtown West;French;$$$
Le Miu;107 Ave. A;New York;NY;Sushi;$$$;
Le Monde;2885 Broadway;New York;NY;Harlem;French;$$
Le Pere Pinard;175 Ludlow St;New York;NY;Lower East Side;French;$$
Le Perigord;405 E 52nd St (Between Fdr Dr & 1st Avenue);New York;NY;Midtown East;French;$$$
Le Souk;47 Ave B;New York;NY;Midtown East;African;$$
Le Zie 2000;172 Seventh Ave;New York;NY;Chelsea;Italian;$$
Leela Lounge;1 W. Third St.;New York;NY;Indian;$$;
Les Enfants Terribles;37 Canal St;New York;NY;Lower East Side;African;$$
Les Halles;411 Park Ave S;New York;NY;Gramercy Park;French;$$$
Les Halles;15 John St;New York;NY;Financial District;French;$$$
Lima's Taste;122 Christopher St;New York;NY;West Village;South American;$
Lime Leaf;2799 Broadway;;;;;
Lisca;660 Amsterdam Ave;;;;;
Little Giant;85 Orchard St;New York;NY;Lower East Side;American;$$$$
Little Owl;90 Bedford Street;New York;NY;West Village;American;$$$
Little Pie Company;Grand Central Station;New York;NY;Midtown East;Bakery;$
Loft;505 Columbus Ave;New York;NY;Upper West Side;Mediterranean;$$
Lombardi's;32 Spring St;New York;NY;NoLita;Pizza;$
Lomito;300 Spring St;New York;NY;SOHO;Argentinean;$$$
Londel's Supper Club;2620 Frederick Douglas Blvd;New York;NY;Harlem;Southern;$$
London Bar;151 W. 54th Street;New York;NY;Midtown West;French;$$$$
Loreley;7 Rivington St.;New York;NY;German;;
Los Dos Molinos;119 E 18th St;New York;NY;Gramercy Park;Southwestern;$$
Loside;157 E Houston Street;New York;NY;Lower East Side;American;$
LuLu;235 Mulberry Street;;;;;
Lucien;14 1st Ave;New York;NY;East Village;French;$$
Lucy Latin Kitchen;35 E 18th St;New York;NY;Flatiron;Nuevo Latino;$$$
Lupa;170 Thompson St;New York;NY;Greenwich Village;Italian;$$$$
Lure;142 Mercer St, Downstairs;New York;NY;SOHO;Seafood;$$$$
Lusardi's;1494 Second Ave;New York;NY;Upper East Side;Italian;$$$$
Luzia's;429 Amsterdam Ave.;;;;;
Macelleria;48 Gansevoort St;New York;NY;Meatpacking District;Italian;$$$
Madison Bistro;238 Madison Ave;New York;NY;Murray Hill;French;$$$
Mai House;186 Franklin Street;New York;NY;TriBeCa;Vietnamese;$$$
Malatesta Trattoria;649 Washington St;New York;NY;West Village;Italian;$$
Maloney & Porcelli;37 E 50th St;New York;NY;Midtown East;Steakhouse;$$$$
Mama Mexico;214 E. 49th St.;;;;;
Mama! Mexico;2672 Broadway;New York;NY;Midtown East;Mexican;$$
Mama's Food Shop;200 E Third St;New York;NY;East Village;American;$
Mamlouk;211 East 4th St;New York;NY;East Village;Middle Eastern;$$$
Mamoun's Falafel Restaurant;119 MacDougal St.;;;;;
Mandarin Court;61 Mott St;New York;NY;Chinatown;Chinese;$
Mandoo Bar;2 W 32nd St;New York;NY;Midtown West;Korean;$
Mangia;50 W 57th St Fl 1;New York;NY;Midtown East;Italian;$
Mara's Homemade;342 E Sixth St;New York;NY;East Village;Creole-Cajun;$$
Mare;198 Eighth Ave;New York;NY;Chelsea;Seafood;$$
Maremma;228 W 10th St;New York;NY;West Village;Italian;$$$
MarkJoseph Steakhouse;261 Water St;New York;NY;Financial District;Steakhouse;$$$$
Market Table;54 Carmine St;New York;NY;American;$$$$;
Markt;676 6th Avenue;New York;NY;Flatiron;Belgian;$$$
Maroons;244 W 16th St;New York;NY;Chelsea;Southern;$$
Marseille;630 Ninth Ave;New York;NY;Midtown West;French;$$$
Mary Anns Mexican Restaurant;1503 2nd Ave;;;;;
Mary's Fish Camp;64 Charles St;New York;NY;West Village;Seafood;$$
Mas (farmhouse);39 Downing St;New York;NY;Greenwich Village;American;$$$$
Masa;10 Columbus Circle;New York;NY;Upper West Side;Japanese;$$$$$
Matsuri;369 W 16th St;;;;;
Max;1274 Amsterdam Ave;New York;NY;East Village;Italian;$
Maya;1191 First Avenue;New York;NY;Midtown East;Mexican;$$$$
Mccormick & Schmick's;1285 Sixth Ave;New York;NY;Midtown West;Seafood;$$$
Mediterraneo;1260 Second Ave;New York;NY;Upper East Side;Italian;$$
Megu;62 Thomas St;New York;NY;TriBeCa;Japanese;$$$$$
Megu Midtown;845 United Nations Plaza;New York;NY;Midtown East;Japanese;$$$$$
Meltemi;905 First Ave;New York;NY;Midtown East;Greek;$$$
Mercadito;179 Ave B;New York;NY;East Village;Mexican;$$
Mercadito Grove;100 Seventh Ave S;New York;NY;West Village;Mexican;$$
Mercat;45 Bond Street;New York;NY;SOHO;Spanish;$$$$
Mercer Kitchen;99 Prince Street;New York;NY;SOHO;American;$$$$
Mermaid Inn;96 Second Ave;New York;NY;East Village;Seafood;$$$
Mesa Grill;102 5th Ave;New York;NY;Flatiron;Southwestern;$$$$
Meskerem;468 W. 47th St.;New York;NY;Ethiopian;;
Metisse;239 W 105th St;New York;NY;Upper West Side;French;$$$
Metropol;234 W Fourth St;New York;NY;Greenwich Village;French;$$$
Mexican Radio;250 Mulberry St;New York;NY;NoLita;Mexican;$$
Mexicana Mama;525 Hudson St;New York;NY;West Village;Mexican;$$
Mezzaluna;1295 3rd Ave;New York;NY;Upper East Side;American;$$
Mi Cocina;57 Jane St;New York;NY;West Village;Mexican;$$$
Michael Jordan's The Steakhouse N.Y.C.;23 Vanderbilt Ave - Grand Central Staion;New York;NY;Midtown East;Steakhouse;$$$
Michael's;24 W 55th St;New York;NY;Midtown West;Californian;$$$$
Mickey Mantle's;42 Central Park South;New York;NY;Midtown East;American;$$$
Midtown;155 E 55th Street;New York;NY;Midtown East;American;$
Mill Korean;2895 Broadway;New York;NY;Harlem;Korean;$
Minetta Tavern;113 Macdougal Street;New York;NY;Greenwich Village;Italian;$$$
Mingala Burmese;21-23 E Seventh St;New York;NY;East Village;Southeast Asian;$
Miracle Bar & Grill;415 Bleecker St;New York;NY;West Village;Southwestern;$$
Miss Maude's Spoonbread Too;547 Lenox Ave;New York;NY;Harlem;Southern;$
Mo Pitkin's;34 Ave A;New York;NY;East Village;Jewish;$$
Mobay Uptown Restaurant & Barbecue;17 W 125th St;New York;NY;Harlem;Caribbean;$
Mofongo Depot;931 Amsterdam Ave;New York;NY;Upper West Side;Nuevo Latino;$$
Molyvos;871 7th Avenue;New York;NY;Midtown West;Greek;$$$
Momofuku Ko;163 First Ave;New York;NY;East Village;Chinese;$$$$
Momofuku Noodle Bar;171 First Ave.;New York;NY;East Village;Chinese;$$$
Momofuku Ssam Bar;207 2nd Ave;New York;NY;East Village;Asian;$$$
Momoya;185 Seventh Ave;;;;;
Mon Petit Cafe;801 Lexington Ave;New York;NY;Upper East Side;French;$$
Monkey Bar;60 E 54th Street;New York;NY;Midtown East;American;$$$$
Monster Sushi;158 West 23rd St;;;;;
Montebello;120 E 56th St;New York;NY;Midtown East;Italian;$$$
Montrachet - CLOSED;239 W Broadway;New York;NY;West Village;French;$$$$
Moran's;146 Tenth Ave;New York;NY;Chelsea;Seafood;$$$
Morandi;211 Waverly Place;New York;NY;Greenwich Village;Italian;$$$
Morimoto;88 10th Ave;New York;NY;Chelsea;Japanese;$$$$
Morrell Wine Bar & Cafe;1 Rockefeller Plaza;New York;NY;Midtown West;American;$$$
Morton's;The Steakhouse, 551 Fifth Ave;New York;NY;Midtown East;Seafood;$$$$
Moustache;90 Bedford Street;New York;NY;West Village;Middle Eastern;$
Mr. Chow;324 E 57th St;New York;NY;Midtown East;Chinese;$$$$
Mr. K's;570 Lexington Ave;New York;NY;Midtown East;Chinese;$$$
Mrs Lee & Shabu Shabu Wok;121 University Pl;New York;NY;West Village;Asian;$
Mughlai;320 Columbus Ave;New York;NY;Upper West Side;Indian;$$
Mustang Sally's;324 Seventh Avenue;New York;NY;Chelsea;American;$$
Nebraska Beef;15 Stone St;New York;NY;Wall Street;Steakhouse;$$$$
Nelson Blue;233 Front Street;New York;NY;Financial District;British;$$
Neo Sushi;2298 Broadway;New York;NY;Upper West Side;Sushi;$$$$
Neptune Room;511 Amsterdam Ave;New York;NY;Upper West Side;Seafood;$$$$
Nero;46 Gansevoort St;New York;NY;Meatpacking District;Italian;$$$
New Bo-Ky;80 Bayard St;New York;NY;Chinatown;Asian;$
New York Noodle Town;28 Bowery at Bayard Street;New York;NY;SOHO;Asian;$
Nha Trang;87 Baxter St;New York;NY;Chinatown;Asian;$
Nice;35 E Broadway;New York;NY;Chinatown;Chinese;$
Nick's;1814 Second Ave;New York;NY;Upper East Side;Italian;$
Nicky's Vietnamese Sandwiches;150 E 2nd St;New York;NY;East Village;American;$
Nicole's;10 East 60th Street;New York;NY;Midtown East;British;$$
Niko's Mediterranean Grill;2161 Broadway;New York;NY;Upper West Side;Greek;$
Nino's Bellissima Pizza;890 Second Ave.;New York;NY;Midtown East;Italian;$$$
Noble Food & Wine;7 Spring Street;New York;NY;NoLita;American;$$$
Nobu Fifty Seven;40 W 57th St;New York;NY;Midtown West;Japanese;$$$$$
Nobu New York;105 Hudson St;New York;NY;TriBeCa;Japanese;$$$$
Nobu Next Door;105 Hudson St;New York;NY;TriBeCa;Sushi;$$$$
Nocello;257 West 55th St;New York;NY;Midtown West;Italian;$$$
Nocello;257 West 55th Street;New York;NY;Theater;Italian;$$$$
Nonna;520 Columbus Ave;;;;;
Norma's;118 West 57th Street;New York;NY;Midtown West;American;$$
North Square Restaurant and Lounge;103 Waverly Place;New York;NY;Greenwich Village;American;$$$$
Nougatine;1 Central Park West;New York;NY;American;$$$$;
Novecento;343 W Broadway;New York;NY;SOHO;South American;$$$
Novita;102 E 22nd Street;New York;NY;Gramercy Park;Italian;$$$
Nyonya;194 Grand Street;New York;NY;Little Italy;Malaysian;$
Ocean Grill;384 Columbus Ave;New York;NY;Upper West Side;Seafood;$$$
Oceana;55 E 54th St;New York;NY;Midtown East;Seafood;$$$$
Odeon;145 W Broadway;New York;NY;TriBeCa;French;$$$
Old Devil Moon;511 E 12th St;New York;NY;East Village;Southern;$
Old Homestead;56 9th Ave;New York;NY;Meatpacking District;Steakhouse;$$$$
Oliva;161 East Houston Street;New York;NY;Lower East Side;American;$$
Olives;201 Park Ave S - W Hotel;New York;NY;Union Square;Mediterranean;$$$
Ollie's Restaurant;1991 Broadway;New York;NY;Upper West Side;Chinese;$
Omen;113 Thompson Street;New York;NY;SOHO;Japanese;$$$
Once Upon a Tart;135 Sullivan Street;New York;NY;SOHO;American;$
One;1 Little West 12th St;New York;NY;Meatpacking District;American;$$$
One If by Land;Two If by Sea, 17 Barrow St;New York;NY;Greenwich Village;American;$$$$
One Little West 12;1 Little West 12th St.;New York;NY;Meatpacking District;American;$$
Onieal's Grand Street;174 Grand St;New York;NY;SOHO;American;$$$
Ono;18 Ninth Ave;New York;NY;Meatpacking District;Sushi;$$$$
Open the Sesame;198A Orchard St.;New York;NY;Lower East Side;Thai;$
Oriental Garden;14 Elizabeth St;New York;NY;Chinatown;Chinese;$
Osteria Al Doge;142 West 44th St;New York;NY;Midtown West;Italian;$$$
Osteria Del Circo;120 W 55th St;New York;NY;Midtown West;Italian;$$$$
Osteria Gelsi;507 Ninth Ave;New York;NY;Midtown West;Italian;$$$
Ostia Tapeo;113 Seventh Ave. S.;New York;NY;Greenwich Village;Small Plates;$$
Otto;1 Fifth Ave;New York;NY;Greenwich Village;Italian;$$$$
Ouest;2315 Broadway;New York;NY;Upper West Side;American;$$$$
Outback Steakhouse;60 W 23rd St;New York;NY;Flatiron;Steakhouse;$$
P.J. Clarke's;915 Third Ave;;;;;
P.J. Clarke's;44 W. 63rd Street;;;;;
Paladar;161 Ludlow St;New York;NY;Lower East Side;Nuevo Latino;$$
Pam Real Thai Food;404 W 49th St;New York;NY;Midtown West;Asian;$
Pampa;768 Amsterdam Avenue;New York;NY;Upper West Side;South American;$$
Pampano;209 E 49th St;New York;NY;Midtown East;Mexican;$$$
Paradou;8 Little W 12th St;New York;NY;Meatpacking District;French;$$
Paris Commune;99 Bank St;New York;NY;West Village;Continental;$$
Park;The, 118 10th Ave;New York;NY;Chelsea;Mediterranean;$$$
Park Avenue Cafe;100 East 63rd St (@ Park Avenue);New York;NY;Upper East Side;American;$$$$
Park Bistro;414 Park Ave South;New York;NY;SOHO;French;$$$
Park East Grill;1564 2nd Avenue;New York;NY;Upper East Side;Jewish;$
Parlor Steakhouse;1600 3rd Ave;New York;NY;Upper East Side;Steakhouse;$$$$
Pasha;70 W 71st St;New York;NY;Upper West Side;Middle Eastern;$$$
Pastis;9 Ninth Ave;New York;NY;Meatpacking District;French;$$$
Patsy's;236 W 56th St;New York;NY;Midtown West;Italian;$$$
Paul's Da Burger Joint;131 2nd avenue;New York;NY;East Village;American;$$
Payard Bistro;1032 Lexington Avenue;New York;NY;Upper East Side;French;$$$
Peanut Butter & Co.;240 Sullivan St;;;;;
Pearl Oyster Bar;18 Cornelia Street;New York;NY;Greenwich Village;Seafood;$$$
Peasant;194 Elizabeth St;New York;NY;NoLita;Italian;$$$
Peep;177 Prince St;New York;NY;SOHO;Asian;$$
Penelope;159 Lexington Ave;New York;NY;Murray Hill;American;$
Pepe Giallo;253 10th Ave;;;;;
Pepe Rosso;149 Sullivan St;New York;NY;SOHO;Italian;$
Per Se;10 Columbus Circle, 4th Fl (60th St);New York;NY;Upper West Side;American;$$$$$
Pera;303 Madison Avenue;New York;NY;Midtown East;Mediterranean;$$$$
Perbacco;234 E Fourth St;New York;NY;East Village;Italian;$$$
Peri Ela;1361 Lexington Avenue;New York;NY;Upper East Side;Turkish;$$
Perilla;9 Jones Street;New York;NY;Greenwich Village;American;$$$$
Periyali;35 W 20th St;New York;NY;Flatiron;Greek;$$$$
Perry St.;176 Perry St;New York;NY;West Village;French;$$$$
Persimmon;277 E 10th St;New York;NY;Korean;$$$$;
Pescatore;955-957 2nd Ave;New York;NY;Midtown East;Indian;$$$
Petite Abeille;400 West 14th St;New York;NY;Chelsea;Belgian;$
Petrossian;182 W 58th St;New York;NY;Midtown West;Continental;$$$$
Philip Marie;569 Hudson St;New York;NY;West Village;American;$$$
Pho Bang Restaurant Inc;St Pike St;New York;NY;Chinatown;Asian;$
Piadina;57 W 10th St;New York;NY;Greenwich Village;Italian;$$
Piano Due;151 W 51st St;New York;NY;Midtown West;Italian;$$$$
Piccolo Angolo;621 Hudson St;New York;NY;West Village;Italian;$$
Piccolo Ristorante;226 Third Ave;New York;NY;Chelsea;Mediterranean;$$
Picholine;35 W 64th St;New York;NY;Upper West Side;Mediterranean;$$$$
Pig Heaven;1540 Second Ave;New York;NY;Midtown West;Chinese;$$
Pinch;416 Park Ave S;New York;NY;Gramercy Park;Pizza;$
Ping's Seafood;22 Mott St;New York;NY;Chinatown;Chinese;$
Pinkberry Frozen Yogurt;240 E 82nd St;New York;NY;Dessert;;
Pipa;38 E 19th Street;New York;NY;Flatiron;$$$;
Pisticci;125 La Salle St;New York;NY;Harlem;Italian;$
Pizza 33;171 W 23rd St;New York;NY;Chelsea;Pizza;$
Pizzeria de Santo;173 Ludlow St.;New York;NY;Lower East Side;Pizza;$
Po;31 Cornelia St;New York;NY;Greenwich Village;Italian;$$$
Poke;343 E. 85th St.;New York;NY;Sushi;$$;
Pomme Frites;123 2nd Ave;New York;NY;Belgian;$;
Pongal;110 Lexington Ave.;New York;NY;Murray Hill;Indian;$$
Popover Cafe;551 Amsterdam Ave;New York;NY;Upper West Side;American;$
Porchetta;110 East 7th Street;New York;NY;East Village;Italian;$$$
Porters New York;216 Seventh Avenue;New York;NY;Chelsea;American;$$
Positano;122 Mulberry St;New York;NY;Little Italy;Italian;$$
Post House;28 E 63rd St (Between Park Ave & Madison Ave);New York;NY;Upper East Side;Steakhouse;$$$$
Prem-On Thai;138 W Houston St;New York;NY;Greenwich Village;Thai;$$
Prime Grill;60 E 49th St;New York;NY;Midtown East;Jewish;$$$$
Primitivo Osteria;202 West 14th Street;New York;NY;West Village;Italian;$$$
Provence;38 Macdougal Street;New York;NY;SOHO;French;$$
Prune;54 E First St;New York;NY;East Village;American;$$$
Public;210 Elizabeth St;New York;NY;NoLita;International;$$$
Pukk;71 First Ave;New York;NY;East Village;Thai;$
Pump Energy Food;40 West 55th Street;New York;NY;Midtown West;International;$
Pure Food and Wine;54 Irving Pl;New York;NY;Gramercy Park;Vegetarian;$$$$
Puttanesca;859 9th Avenue;New York;NY;Midtown West;Italian;$$
Pylos;128 E Seventh St;New York;NY;East Village;Greek;$$
P’ONG;150 W 10th St;New York;NY;Continental;$$$;
Quality Meats;57 W 58th St;New York;NY;Midtown West;Steakhouse;$$$$
Quartino;21 Peck Slip;;;;;
Rack and Soul;2818 Broadway;New York;NY;Upper West Side;Barbecue;$$
Radio Perfecto;190 Ave B;New York;NY;East Village;American;$$
Rain West - CLOSED;100 West 82nd Street;New York;NY;Upper West Side;Asian;$$
Rainbow Room;30 Rockefeller Plaza65th Floor;New York;NY;Midtown West;Italian;$$$$
Rao's;455 East 114th St;New York;NY;Harlem;Italian;$$$$
Raoul's;180 Prince St;New York;NY;SOHO;French;$$$
Red Cat;227 Tenth Avenue;New York;NY;Chelsea;American;$$$
Redeye Grill;890 Seventh Ave;New York;NY;Midtown West;American;$$$
Remi;145 W 53rd St;New York;NY;Midtown West;Italian;$$$
Republic;37 Union Square W;New York;NY;Union Square;Asian;$
Resto;111 E. 29th Street;New York;NY;Gramercy Park;Belgian;$$
Revel;10 Little W. 12th Street;New York;NY;Meatpacking District;International;$$$$
Revival;2367 Frederick Douglass Blvd;New York;NY;Harlem;Caribbean;$$
Ribot;780 Third Ave;;;;;
Rice;277 Mott Street;New York;NY;NoLita;International;$
Rice 'N' Beans;744 9th Ave;New York;NY;Midtown West;South American;$
Riingo;205 E. 45th St;New York;NY;Midtown East;Japanese;$$$$
Risotteria;270 Bleecker St;;;;;
Roberto Passon;741 Ninth Ave;New York;NY;Midtown West;Italian;$$$
Rocco Restaurant;181 Thompson St;New York;NY;Greenwich Village;Italian;$$
Rock Center Cafe;2 W 50th St;New York;NY;Midtown West;American;$$$
Rocking Horse;182 Eighth Ave;New York;NY;Chelsea;Mexican;$$
Rolf's;281 Third Ave.;New York;NY;German;$$;
Roppongi Restaurant;200 W 81st St;New York;NY;Upper West Side;Sushi;$$
Rosa Mexicano;61 Columbus Avenue;New York;NY;Upper West Side;Mexican;$$$
Rosa Mexicano;9 E 18th St;New York;NY;Flatiron;Mexican;$$$
Rosa Mexicano - First Avenue;1063 First Ave;New York;NY;Midtown East;Mexican;$$$
Roy's;130 Washington St;New York;NY;TriBeCa;Fusion;$$$
Rub Bbq;208 W 23rd St;;;;;
Ruby Foo's Times Square;1626 Broadway;New York;NY;Midtown West;Pan-Asian;$$$
Ruby Foo's Uptown;2182 Broadway;New York;NY;Upper West Side;Pan-Asian;$$$
Rue 57;60 West 57th Street;;;;;
Russian Samovar;256 W 52nd St;New York;NY;Midtown West;Continental;$$$
Ruth's Chris Steak House;148 West 51st Street;New York;NY;Midtown West;Steakhouse;$$$$
S.O.B.'s;200 Varick St;New York;NY;SOHO;Brazilian;$
Sachiko's On 25 Clinton;25 Clinton St;New York;NY;Lower East Side;Japanese;$$$
Sacred Chow;227 Sullivan Street;New York;NY;Greenwich Village;Vegetarian;$
Sal Anthony's S.P.Q.R.;133 Mulberry St;New York;NY;Little Italy;Italian;$$
Sala;344 Bowery;New York;NY;NoLita;Spanish;$$
Salaam Bombay;319 Greenwich St;New York;NY;TriBeCa;Indian;$$
Salmon River;3 East 40th Street;New York;NY;Murray Hill;Seafood;$$
Salt;58 Macdougal St;New York;NY;SOHO;American;$$$
Salt Bar;29 Clinton St;New York;NY;Lower East Side;American;$$$
Salud Restaurant and Bar;142 Beekman Street;;;;;
Salute;270 Madison Ave;New York;NY;Murray Hill;Italian;$
Sambuca;20 W 72nd St;New York;NY;Upper West Side;Italian;$$
Sammy's Roumanian;157 Chrystie St;New York;NY;Lower East Side;European;$$$
San Domenico;240 Central Park South;New York;NY;Midtown West;Italian;$$$$
Sanctuary T;337 West Broadway;New York;NY;SOHO;Continental;$$$
Sant Ambroeus;259 W Fourth St;New York;NY;West Village;Italian;$$$
Santa Fe;73 W 71st St;New York;NY;Upper West Side;Southwestern;$$
Sapa;43 West 24th Street;New York;NY;Chelsea;Asian;$$$
Sapphire;1845 Broadway;New York;NY;Upper West Side;Indian;$$$
Sardi's;234 West 44th Street;New York;NY;Midtown West;Continental;$$$
Sarge's Deli;548 Third Avenue;New York;NY;Murray Hill;Deli;$
Saucy;1409 York Avenue;New York;NY;Upper East Side;International;$$
Savann;414 Amsterdam Ave;New York;NY;Upper West Side;French;$$
Savoy;70 Prince St;New York;NY;SOHO;American;$$$
Scaletta;50 W 77th St;New York;NY;Midtown West;Italian;$$$
Scalinatella;201 East 61st Street;New York;NY;Upper East Side;Italian;$$$$
Scalini Fedeli;165 Duane St;New York;NY;TriBeCa;Italian;$$$$
Scarlatto;250 W 47th St;New York;NY;Midtown West;Italian;$$
Scarpetta;355 W 14th St;New York;NY;Meatpacking District;Italian;$$$$
Schiller's Restaurant;131 Rivington St;New York;NY;Lower East Side;International;$$
Sea;75 Second Ave;New York;NY;East Village;Asian;$
Sea Grill;19 West 49th Street;New York;NY;Midtown West;Seafood;$$$$
Sequoia;Pier 17;New York;NY;Wall Street;Seafood;$$
Serendipity 3;225 E 60th St;New York;NY;Upper East Side;American;$
Sevilla Restaurant and Bar;62 Charles St& West 4th St;New York;NY;West Village;Spanish;$$
Sezz Medi';1260 Amsterdam Ave;New York;NY;Harlem;Mediterranean;$$
Sfoglia;1402 Lexington Avenue;New York;NY;Upper East Side;Italian;$$$$
Shaburi;125 E 39th St;New York;NY;Murray Hill;Japanese;$$$
Shaffer City Oyster Bar & Grill;5 W 21st St;New York;NY;Flatiron;Seafood;$$$
Shake Shack;366 Columbus Ave;New York;NY;Upper West Side;American;$$
Shake Shack;11 Madison Ave;New York;NY;Flatiron;American;$$
Shula's Steak House;270 W 43rd St;New York;NY;Midtown West;American;$$$$
Shun Lee Cafe;43 W 65th St;;;;;
Shun Lee Palace;155 E 55th Street;New York;NY;Midtown East;Chinese;$$$
Shun Lee West;43 W. 65th St.;New York;NY;Chinese;$$$;
Sip Sak;928 Second Ave;New York;NY;Midtown East;Middle Eastern;$
Slane;102 MacDougal St;New York;NY;West Village;Irish;$$
Smith & Wollensky;797 Third Ave;New York;NY;Midtown East;Steakhouse;$$$
Smorgas Chef;283 W. 12th St.;New York;NY;Scandinavian;----;
Snack;105 Thompson St;New York;NY;SOHO;Greek;$
Snack Taverna;63 Bedford St;New York;NY;West Village;Greek;$$
Soba-Ya;229 E Ninth St;New York;NY;East Village;Asian;$
Sofrito;400 E. 57th St.;New York;NY;Nuevo Latino;$$;
Sol Y Sombra;462 Amsterdam Ave;New York;NY;Upper West Side;Spanish;$
Solera;216 E 53rd St;New York;NY;Midtown East;Spanish;$$$
Son Cubano;361 Greenwich St;New York;NY;Meatpacking District;Cuban;$$$
Soto;357 Sixth;New York;NY;Greenwich Village;Sushi;$$$
Soto;357 Sixth Avenue;New York;NY;Greenwich Village;Sushi;$$$$
Southside Cafe;252 W 47th Street;New York;NY;Theater;Italian;$$
Sparks Steak House;210 E 46th Street;New York;NY;Midtown East;Steakhouse;$$$
Spice;1411 Second Ave;New York;NY;Upper East Side;Asian;$
Spice;104 Second Ave.;New York;NY;East Village;Thai;$$
Spice Market;403 W 13th St;New York;NY;Meatpacking District;Malaysian;$$$
Spigolo;1561 Second Ave;New York;NY;Upper East Side;Italian;$$$
Spotlight Live;1604 Broadway;New York;NY;Theater;American;$$$$
Spotted Pig;The, 314 W 11th St;New York;NY;West Village;British;$$$
Spring St Natural Restaurant;62 Spring St;New York;NY;NoLita;Vegetarian;$
Stage Deli;834 Seventh Avenue;New York;NY;Midtown West;Deli;$
Stand;24 E. 12th Street;New York;NY;Greenwich Village;American;$
Stanton Social;99 Stanton St;New York;NY;Lower East Side;International;$$$
Stanton Social Club;99 Stanton Street;New York;NY;Small Plates;$$$;
Steak Frites;9 East 16th Street;New York;NY;Union Square;French;$$
Stella Di Mare;346 Lexington Avenue;New York;NY;Murray Hill;Italian;$$$
Stella Maris;213 Front St.;New York;NY;Financial District;European;$$
Strip House;13 E 12th St;New York;NY;Greenwich Village;Steakhouse;$$$
Suba;109 Ludlow St;New York;NY;Lower East Side;Spanish;$$$
Suenos;311 W 17th St;New York;NY;Chelsea;Mexican;$$$
Sugiyama;251 W 55th St;New York;NY;Midtown West;Japanese;$$$$
Sui;54 Spring Street;New York;NY;Lower East Side;Japanese;$$$
Supper;156 E Second St;New York;NY;East Village;Italian;$$
Surya;302 Bleecker St;New York;NY;West Village;Indian;$$
Sushi Of Gari;402 E 78th St;New York;NY;Upper East Side;Sushi;$$$$
Sushi Samba;245 Park Ave South;New York;NY;Flatiron;Sushi;$$$
Sushi Seki;1143 1st Ave;New York;NY;Upper East Side;Sushi;$$$
Sushi Yasuda;204 E 43rd St;New York;NY;Midtown East;Japanese;$$$$$
Sushi Zen;108 W 44th St;New York;NY;Midtown West;Sushi;$$$
Sushisamba 7;87 Seventh Ave South;New York;NY;Greenwich Village;Sushi;$$$
Swagat Indian Cuisine;411a Amsterdam Ave;;;;;
Swing 46;349 W. 46 St;New York;NY;Theater;American;$$$
Swizz;310 W 53rd St;New York;NY;Midtown West;Swiss;$$
Tabla;11 Madison Ave;New York;NY;Gramercy Park;Indian;$$$$
Taboon;773 10th Ave;New York;NY;Midtown West;Mediterranean;$$$
Tailor;525 Broome St.;;;;;
Takahachi Tribeca;145 Duane St;New York;NY;TriBeCa;Japanese;$$
Talay;701 W 135th St;New York;NY;Harlem;Thai;$$$
Tamarind;41-43 E 22nd St;New York;NY;Flatiron;Indian;$$$
Tang Pavilion;65 W 55th St;New York;NY;Midtown West;Chinese;$$
Tao;42 E 58th Street;New York;NY;Midtown East;Asian;$$$
Taormina;147 Mulberry St;New York;NY;Little Italy;Italian;$$
Tartine;253 W 11th St;New York;NY;West Village;French;$
Tasting Room;72 E First St;New York;NY;East Village;American;$$$
Tavern on the Green;Central Park W.;;;;;
Tea & Sympathy;108 Greenwich Ave;New York;NY;West Village;British;$
Telepan;72 West 69th Street;New York;NY;Midtown West;American;$$$$
Tello's;263 W 19th St;New York;NY;Chelsea;Italian;$$
Tenzan;285 Columbus Ave;New York;NY;Upper West Side;Japanese;$$
Tenzan;988 Second Avenue;New York;NY;Midtown East;Sushi;$$$$
Tequila's Chito's Mexican Bar & Grill;358 W 23rd St;New York;NY;Chelsea;Mexican;$$
Teresa's;103 1st Ave;New York;NY;East Village;Polish;$
Terrace In The Sky;400 West 119th Street;New York;NY;Upper West Side;French;$$
The American;235 Mulberry St.;New York;NY;NoLita;American;$
The Cafe Carlyle;35 E 76 St;;;;;
The Cupping Room Cafe;359 West Broadway;;;;;
The Four Seasons;99 E 52nd St;New York;NY;Midtown East;Continental;$$$$
The Harrison;355 Greenwich St;New York;NY;TriBeCa;American;$$$
The House;121 E. 17th Street;New York;NY;Gramercy Park;Mediterranean;$$$$
The Mezzanine Restaurant;235 W 46th Street;New York;NY;Theater;Mediterranean;$$
The Modern;9 W 53rd St;New York;NY;Midtown West;American;$$$$
The New French;522 Hudson St;New York;NY;Greenwich Village;French;$$$
The Pink Tea Cup;42 Grove St;New York;NY;West Village;Southern;$
The Place;310 W Fourth St;New York;NY;West Village;American;$$$
The Place on West 10th;142 W 10th St;New York;NY;Greenwich Village;American;$$$
The Pump Energy Food;275 Madison Ave.;;;;;
The Redhead;349 E. 13th Street;New York;NY;East Village;American;$$$
The Sunburnt Cow;137 Avenue C;New York;NY;East Village;Australian;$
Thor;Hotel on Rivington;New York;NY;Lower East Side;American;$$$$
Three Of Cups;83 First Ave;New York;NY;East Village;Italian;$
Tia Pol;205 Tenth Ave;New York;NY;Chelsea;Spanish;$$
Tocqueville;1 E 15th St;New York;NY;Union Square;American;$$$$
Tomo;2850 Broadway;New York;NY;Harlem;Sushi;$
Tomoe Sushi;172 Thompson St;New York;NY;Greenwich Village;Sushi;$$
Tong;39 E. 13th St.;New York;NY;Thai;$$$;
Tony's Di Napoli;1606 2nd Avenue;;;;;
Town;Chambers Hotel, 15 West 56th St;New York;NY;Midtown West;American;$$$$
Trattoria Dell'Arte;900 Seventh Ave;New York;NY;Midtown West;Italian;$$$
Tribeca Grill;375 Greenwich St;New York;NY;TriBeCa;American;$$$
Triomphe;49 West 44th Street;New York;NY;Midtown West;French;$$$$
Troy Turkish Grill;539 9th Ave;New York;NY;Midtown West;Turkish;$
Tsampa;212 E Ninth St;New York;NY;East Village;Southeast Asian;$
Tse Yang;34 East 51st Street;New York;NY;Midtown East;Chinese;$$$
Turkish Cuisine;631 9th Ave;New York;NY;Midtown West;Middle Eastern;$$
Turkish Kitchen;386 Third Ave;New York;NY;Midtown East;Turkish;$$$$
Turkuaz;2637 Broadway;New York;NY;Harlem;Middle Eastern;$$
Tuscan Square;16 W 51st St;New York;NY;Midtown West;Italian;$$$
Two Boots Lower East Side;384 Grand Street;New York;NY;Lower East Side;Pizza;$
Two Boots Rock Center;30 Rockefeller Plaza;New York;NY;Midtown West;Pizza;$
Two Boots To Go;42 Avenue A;New York;NY;East Village;Pizza;$
Two Boots To Go Go;74 Bleecker Street;New York;NY;SOHO;Pizza;$
Two Boots To Go West;201 West 11th Street;New York;NY;West Village;Pizza;$
Una Pizza Napoletana;349 E 12th St;New York;NY;East Village;Pizza;$
Uncle Jack's Steakhouse-Nyc;440 9th Avenue;New York;NY;Midtown East;Steakhouse;$$$
Uncle Nick's;747 9th Ave;New York;NY;Midtown West;Greek;$$
Union Square Cafe;21 E 16th St;New York;NY;Union Square;American;$$$$
Upstairs;130 W Broadway, 2nd Fl;New York;NY;TriBeCa;International;$$$
Urena;37 E 28th St;New York;NY;Gramercy Park;Spanish;$$$
Uskudar Turkish Restaurantt;1405 Second Ave;New York;NY;Upper East Side;Middle Eastern;$$
Utsav;1185 Sixth Ave, 2nd Fl;New York;NY;Midtown West;Indian;$$$
Varietal;138 W. 25th Street;New York;NY;Chelsea;American;$$$$
Vatan;409 Third Ave;New York;NY;Gramercy Park;Indian;$$
Veniero's;342 E 11th St;New York;NY;East Village;American;$
Vento;675 Hudson St;New York;NY;Meatpacking District;Italian;$$$
Veritas;43 E 20th St;New York;NY;Union Square;American;$$$$
Veselka Restaurant;144 2nd Ave;New York;NY;East Village;American;$
Vespa Cibobouno;1625 Second Ave;;;;;
Via Brasil;34 W 46 St;New York;NY;Midtown West;South American;$$
Viceversa;325 W 51st St;New York;NY;Midtown West;Italian;$$$$
Vico Ristorante;1302 Madison Ave;New York;NY;Upper East Side;Italian;$$$
Victor's Cafe;236 West 52 St;New York;NY;Midtown West;Cuban;$$$
Villa Mosconi Restaurant;69 Macdougal St;New York;NY;Greenwich Village;Italian;$$$
Village;62 W Ninth St;New York;NY;Greenwich Village;French;$$$
Vincent's Restaurant;119 Mott St;New York;NY;Little Italy;Italian;$$
Vintage Irving;118A E. 15th St.;New York;NY;Union Square;Small Plates;$$$
Vong;200 East 54th St;New York;NY;Midtown East;Thai;$$$$
Waikiki Wally's;101 East 2nd Street;New York;NY;East Village;Hawaiian;$$$
Walker's;16 N Moore St;New York;NY;TriBeCa;American;$
Wallse;344 W 11th St;New York;NY;West Village;Austrian;$$$$
Wd-50;50 Clinton St;New York;NY;Murray Hill;American;$$$$
Westville;210 W 10th St;New York;NY;West Village;American;$
Westville East;173 Ave. A;New York;NY;East Village;American;$
Whym;889 Ninth Ave.;;;;;
Wichcraft;397 Greenwich St;New York;NY;TriBeCa;American;$
Wild Ginger;51 Grove St.;New York;NY;Thai;$$$;
Wildwood BBQ;225 Park Avenue South;New York;NY;Gramercy Park;Barbecue;$$$
Wo Hop Restaurant;17 Mott St;;;;;
Wogies Restaurant;39 Greenwich Ave;New York;NY;West Village;American;$
Wolfgang's Steakhouse;4 Park Avenue;New York;NY;Murray Hill;Steakhouse;$$$$
Wollensky's Grill;205 East 49th Street;New York;NY;Midtown East;American;$$$
Won Jo;23 W 32nd St;New York;NY;Midtown West;Korean;$$
Woo Lae Oak;148 Mercer St;New York;NY;SOHO;Korean;$$$
Xing;785 Ninth Ave;New York;NY;Midtown West;Asian;$$$
Xunta;174 First Ave;New York;NY;East Village;Spanish;$
Yakitori Totto;251 W. 55th St., 2nd fl;New York;NY;Midtown West;Japanese;$$$
Yama;38-40 Carmine St;New York;NY;Midtown East;Sushi;$$
Yozakura Kushiyaki Bar;168 Ludlow St;New York;NY;Lower East Side;Japanese;$
Yuca Bar;111 Ave A;New York;NY;East Village;Nuevo Latino;$
Yuka;1557 2nd Ave;;;;;
Yuki Sushi;656 Amsterdam Ave;New York;NY;Upper West Side;Sushi;$
Za3calo;174 E 82nd St;New York;NY;Upper East Side;Mexican;$$
Zabar's Cafe;2245 Broadway;New York;NY;Upper West Side;Deli;$
Zarela's;953 Second Ave;New York;NY;Midtown East;Mexican;$$$
Zebu Grill;305 E 92nd St;New York;NY;Upper East Side;South American;$$
Zen Palate;34 East Union Sq;New York;NY;Union Square;Vegetarian;$
Zerza;304 E Sixth St;New York;NY;East Village;Moroccan;$$
Zeytin;519 Columbus Ave;New York;NY;Upper West Side;Turkish;$$
Zoe;90 Prince St;New York;NY;SOHO;American;$$$
Zoma;2084 Frederick Douglass Blvd.;New York;NY;Harlem;Ethiopian;$$
Zona Rosa;40 W 56th St;;;;;
Zum Schneider;107 Ave C;New York;NY;East Village;German;$
Zuni;598 Ninth Ave;New York;NY;Theater;American;$$
Zutto;77 Hudson Street;New York;NY;TriBeCa;Sushi;$$
db Bistro Moderne;55 W 44th Street;New York;NY;Midtown West;French;$$$$
earth NYC;116a 10th Avenue;New York;NY;Chelsea;Asian;$$
p*ong;150 W. 10th Street;New York;NY;Greenwich Village;Dessert;$$
