restaurant;country;country_code
1 Nocello;;
1 Nocello;New York City;NY
10 Downing Food Wine;;
10 Downing Food Wine;New York City;NY
15 East Restaurant;;
15 East Restaurant;New York City;NY
1849;;
1849;New York City;NY
2 Rivers Restaurant and Bar;;
2 Rivers Restaurant and Bar;New York City;NY
2 West;;
2 West;New York City;NY
21 Club;New York City;NY
21 Club;;
5 Napkin Burger;New York City;NY
5 Napkin Burger;;
5 Ninth;New York City;NY
5 Ninth;;
57 Four Seasons Hotel New York;;
57 Four Seasons Hotel New York;New York City;NY
5s at The Peninsula New York;New York City;NY
5s at The Peninsula New York;;
77493;;
77493;New York City;NY
A Restaurant Charlotte;New York City;NY
A Restaurant Charlotte;;
A Voce;;
A Voce;New York City;NY
A. J. Maxwell's Steakhouse;;
A. J. Maxwell's Steakhouse;New York City;NY
A.O.C.;;
A.O.C.;New York City;NY
AJ Maxwells Steakhouse;New York City;
AJA;New York City;
AMA;;
AMA;New York City;NY
AYZA Wine & Chocolate Bar;;
AYZA Wine & Chocolate Bar;New York City;NY
AZZA Restaurant Lounge;;
AZZA Restaurant Lounge;New York City;NY
Abboccato;;
Abboccato;New York City;NY
Above;;
Above;New York City;NY
Acappella;;
Acappella;New York City;NY
Adour Alain Ducasse at The St Regis New York;;
Adour Alain Ducasse at The St Regis New York;New York City;NY
Agave;New York City;NY
Agave;;
Ago;;
Ago;New York City;NY
Agozar;New York City;NY
Agozar;;
Agozar Restaurant & Lounge;New York City;NY
Agozar Restaurant & Lounge;;
Aja;New York City;NY
Aja;;
Aja Asian Bistro Lounge;New York City;NY
Aja Asian Bistro Lounge;;
Al Diwan;New York City;NY
Al Diwan;;
Alcala;;
Alcala;New York City;NY
Aleo;;
Aleo;New York City;NY
Alfama Fine Portuguese Cuisine;New York City;NY
Alfama Fine Portuguese Cuisine;;
Alfredo of Rome;New York City;NY
Alfredo of Rome;;
Alice's Tea Cup;;
Alice's Tea Cup;New York City;NY
Allegretti;New York City;NY
Allegretti;;
Allen Delancey;New York City;NY
Allen Delancey;;
Alma Grill;New York City;NY
Alma Grill;;
Almond;New York City;NY
Almond;;
Alto;;
Alto;New York City;NY
Amalia;;
Amalia;New York City;NY
Amaya Thai;New York City;NY
Amaya Thai;;
Ambassador Grill and Lounge;;
Ambassador Grill and Lounge;New York City;NY
Amber 3rd Avenue;New York City;NY
Amber 3rd Avenue;;
Amber Gramercy;New York City;
Amber West;New York City;NY
Amber West;;
Amma;;
Amma;New York City;NY
Ammos Estiatorio;;
Ammos Estiatorio;New York City;NY
Amor Cubano;;
Amor Cubano;New York City;NY
Amsterdam Restaurant Tapas Lounge;;
Amsterdam Restaurant Tapas Lounge;New York City;NY
Annisa;;
Annisa;New York City;NY
Anthos;;
Anthos;New York City;NY
Apiary;New York City;NY
Apiary;;
Apizz;New York City;NY
Apizz;;
Appetito;;
Appetito;New York City;NY
Aquavit Cafe;;
Aquavit Cafe;New York City;NY
Aquavit Dining Room;;
Aquavit Dining Room;New York City;NY
Archipelago;;
Archipelago;New York City;NY
Arno Restaurant;;
Arno Restaurant;New York City;NY
Arte Cafe;;
Arte Cafe;New York City;NY
Arte Pasta;;
Arte Pasta;New York City;NY
Artisanal;New York City;NY
Artisanal;;
Asia de Cuba New York;New York City;NY
Asia de Cuba New York;;
Asiana;;
Asiana;New York City;NY
Asiate;New York City;NY
Asiate;;
Aspen;;
Aspen;New York City;NY
Aspen Social Club;;
Aspen Social Club;New York City;NY
Astor Court;;
Astor Court;New York City;NY
Atria;;
Atria;New York City;NY
Aurora Soho;;
Aurora Soho;New York City;NY
Avon Bistro;;
Avon Bistro;New York City;NY
Avra Estiatorio;;
Avra Estiatorio;New York City;NY
Azafran;New York City;NY
Azafran;;
Azusa of Japan;;
Azusa of Japan;New York City;NY
B Smiths Restaurant Row;;
B Smiths Restaurant Row;New York City;NY
BELLAVITAE;;
BELLAVITAE;New York City;NY
BG Bergdorf Goodman;New York City;NY
BG Bergdorf Goodman;;
BLT Fish Bistro Laurent Tourondel;;
BLT Fish Bistro Laurent Tourondel;New York City;NY
BLT Market;New York City;NY
BLT Market;;
BLT Prime Bistro Laurent Tourondel;New York City;NY
BLT Prime Bistro Laurent Tourondel;;
BLT Steak Bistro Laurent Tourondel;;
BLT Steak Bistro Laurent Tourondel;New York City;NY
BONDST;;
BONDST;New York City;NY
Baldoria;New York City;NY
Baldoria;;
Baluchi's;;
Baluchi's;New York City;NY
Bamboo 52;;
Bamboo 52;New York City;NY
Banjara Indian Restaurant;;
Banjara Indian Restaurant;New York City;NY
Bar Americain;New York City;NY
Bar Americain;;
Bar Baresco;;
Bar Baresco;New York City;NY
Bar Blanc;New York City;NY
Bar Blanc;;
Bar Boulud;;
Bar Boulud;New York City;NY
Bar Breton;New York City;NY
Bar Breton;;
Bar Q;New York City;NY
Bar Q;;
Bar Stuzzichini;New York City;NY
Bar Stuzzichini;;
Barbao;;
Barbao;New York City;NY
Barbetta Restaurant;;
Barbetta Restaurant;New York City;NY
Barbounia;New York City;NY
Barbounia;;
Barbuto;;
Barbuto;New York City;NY
Barclay Bar and Grill;;
Barclay Bar and Grill;New York City;NY
Barmarche;;
Barmarche;New York City;NY
Barna;;
Barna;New York City;NY
Basera Indian Bistro;New York City;NY
Basera Indian Bistro;;
Battery Gardens;New York City;NY
Battery Gardens;;
Beacon;;
Beacon;New York City;NY
Becco;New York City;NY
Becco;;
Bella Luna NYC;;
Bella Luna NYC;New York City;NY
Ben Bensons Steakhouse;New York City;NY
Ben Bensons Steakhouse;;
Ben and Jacks Steakhouse;;
Ben and Jacks Steakhouse;New York City;NY
Benjamin Steakhouse;New York City;NY
Benjamin Steakhouse;;
Benoit Restaurant and Bar;;
Benoit Restaurant and Bar;New York City;NY
Benvenuto Caffe;Ristorante & Caterers;New York City
Big Nick's;;
Big Nick's;New York City;NY
Bistecca Fiorentina;New York City;NY
Bistecca Fiorentina;;
Bistro Bagatelle;New York City;NY
Bistro Bagatelle;;
Bistro Desaret;New York City;NY
Bistro Desaret;;
Bistro Milano;New York City;NY
Bistro Milano;;
Bistro Ten 18;New York City;NY
Bistro Ten 18;;
Black Duck;New York City;NY
Black Duck;;
Black Finn;;
Black Finn;New York City;NY
Blaggards Pub;New York City;NY
Blaggards Pub;;
Blaue Gans;;
Blaue Gans;New York City;NY
Blind Pig;New York City;NY
Blind Pig;;
Bloomingdale Road;New York City;NY
Bloomingdale Road;;
Blue Hill;;
Blue Hill;New York City;NY
Blue Smoke;;
Blue Smoke;New York City;NY
Bobby Vans Grill 50th Street;;
Bobby Vans Grill 50th Street;New York City;NY
Bobby Vans Grill Broad Street;New York City;NY
Bobby Vans Grill Broad Street;;
Bobby Vans Steakhouse Broad Street;;
Bobby Vans Steakhouse Broad Street;New York City;NY
Bobo Restaurant;New York City;NY
Bobo Restaurant;;
Bocca Restaurant;New York City;NY
Bocca Restaurant;;
Bocca di Bacco;New York City;NY
Bocca di Bacco;;
Bodrum Turkish Mediterranean;New York City;
Body Restaurant Lounge;New York City;NY
Body Restaurant Lounge;;
Boom;;
Boom;New York City;NY
Borgo Antico;New York City;NY
Borgo Antico;;
Bossa Nova Brazil;;
Bossa Nova Brazil;New York City;NY
Bottega Del Vino;New York City;NY
Bottega Del Vino;;
Bottino;;
Bottino;New York City;NY
Boucarou;;
Boucarou;New York City;NY
Bouley;New York City;NY
Bouley;;
Bourbon Street Bar Grill;;
Bourbon Street Bar Grill;New York City;NY
Braai;;
Braai;New York City;NY
Braeburn Restaurant;New York City;NY
Braeburn Restaurant;;
Brasserie;New York City;NY
Brasserie;;
Brasserie 1605 at the Crowne Plaza Times Square;New York City;NY
Brasserie 1605 at the Crowne Plaza Times Square;;
Brasserie 44;New York City;NY
Brasserie 44;;
Brasserie 52;;
Brasserie 52;New York City;NY
Brasserie 8 12;;
Brasserie 8 12;New York City;NY
Brasserie Athenee;;
Brasserie Athenee;New York City;NY
Brasserie Cognac;;
Brasserie Cognac;New York City;NY
Brasserie Ruhlmann;;
Brasserie Ruhlmann;New York City;NY
Brazil Brazil;;
Brazil Brazil;New York City;NY
Brazil Grill;;
Brazil Grill;New York City;NY
Breakfast at Four Seasons Hotel New York;New York City;NY
Breakfast at Four Seasons Hotel New York;;
Brick Lane Curry House;New York City;
Bricklane Curry House;;
Bricklane Curry House;New York City;NY
Broadway East;;
Broadway East;New York City;NY
Broadway Joe Steakhouse;;
Broadway Joe Steakhouse;New York City;NY
Brother Jimmys New York;New York City;NY
Brother Jimmys New York;;
Bryant Park Grill;;
Bryant Park Grill;New York City;NY
Bubble Lounge NYC;New York City;NY
Bubble Lounge NYC;;
Buddha Bar New York;;
Buddha Bar New York;New York City;NY
Bull Bear at the Waldorf Astoria;;
Bull Bear at the Waldorf Astoria;New York City;NY
Bull Run;;
Bull Run;New York City;NY
Bully's Of New York;New York City;NY
Bully's Of New York;;
Bun Soho;;
Bun Soho;New York City;NY
Buon Amici;New York City;NY
Buon Amici;;
Bus Stop Cafe;;
Bus Stop Cafe;New York City;NY
Butai;;
Butai;New York City;NY
Butter;;
Butter;New York City;NY
Butterfield 8;;
Butterfield 8;New York City;NY
Buzina Pop;;
Buzina Pop;New York City;NY
COLORS;;
COLORS;New York City;NY
COMMERCE;New York City;NY
COMMERCE;;
Cacio e Vino;New York City;NY
Cacio e Vino;;
Caesar's;;
Caesar's;New York City;NY
Cafe 50 West;;
Cafe 50 West;New York City;NY
Cafe Asean;;
Cafe Asean;New York City;NY
Cafe Charbon;;
Cafe Charbon;New York City;NY
Cafe Cluny;New York City;NY
Cafe Cluny;;
Cafe Daniello's;New York City;NY
Cafe Daniello's;;
Cafe Espanol;;
Cafe Espanol;New York City;NY
Cafe Frida;;
Cafe Frida;New York City;NY
Cafe Luxembourg;New York City;NY
Cafe Luxembourg;;
Cafe Mozart;;
Cafe Mozart;New York City;NY
Cafe Spice;New York City;NY
Cafe Spice;;
Cafe Spice NYC;;
Cafe Spice NYC;New York City;NY
Cafe des Artistes;;
Cafe des Artistes;New York City;NY
Cafe du Soleil;;
Cafe du Soleil;New York City;NY
Caffe Napoli e Trattoria da Luigi;New York City;NY
Caffe Napoli e Trattoria da Luigi;;
Calle Ocho;New York City;NY
Calle Ocho;;
Cancun Restaurant;;
Cancun Restaurant;New York City;NY
Cannonau;;
Cannonau;New York City;NY
Capital Grille New York City;New York City;NY
Capital Grille New York City;;
Cara Mia;;
Cara Mia;New York City;NY
Carmines 91st Street;New York City;NY
Carmines 91st Street;;
Carnevale;;
Carnevale;New York City;NY
Casaville;;
Casaville;New York City;NY
Cascina;New York City;NY
Cascina;;
Caviar Russe Wave Sushi;;
Caviar Russe Wave Sushi;New York City;NY
Cavonberry's;;
Cavonberry's;New York City;NY
Cellini;New York City;NY
Cellini;;
Center Cut;;
Center Cut;New York City;NY
Centovini;;
Centovini;New York City;NY
Centrico;;
Centrico;New York City;NY
Centro Vinoteca;;
Centro Vinoteca;New York City;NY
Cercle Rouge;;
Cercle Rouge;New York City;NY
Cesca;;
Cesca;New York City;NY
Channel 4 Irish Pub;;
Channel 4 Irish Pub;New York City;NY
Chanterelle;;
Chanterelle;New York City;NY
Charlotte;;
Charlotte;New York City;NY
Chez Jacqueline;;
Chez Jacqueline;New York City;NY
Chicken Bar;New York City;NY
Chicken Bar;;
China 1;;
China 1;New York City;NY
China Grill New York;;
China Grill New York;New York City;NY
Chinatown Brasserie;;
Chinatown Brasserie;New York City;NY
Chinese Mirch;New York City;NY
Chinese Mirch;;
Chola;New York City;NY
Chola;;
Chow Bar;New York City;NY
Chow Bar;;
Church Lounge Tribeca Grand Hotel;New York City;NY
Church Lounge Tribeca Grand Hotel;;
Ciao West;;
Ciao West;New York City;NY
Cibo;New York City;NY
Cibo;;
Cinema The Brasserie;New York City;NY
Cinema The Brasserie;;
Ciro Trattoria;;
Ciro Trattoria;New York City;NY
Citrus Bar Grill;;
Citrus Bar Grill;New York City;NY
City Crab Seafood Company;New York City;NY
City Crab Seafood Company;;
City Hall;;
City Hall;New York City;NY
City Lobster Steakhouse;New York City;NY
City Lobster Steakhouse;;
City Winery;New York City;NY
City Winery;;
Club A Steakhouse;;
Club A Steakhouse;New York City;NY
Commodore Grill;;
Commodore Grill;New York City;NY
Compass Restaurant New York;New York City;NY
Compass Restaurant New York;;
Convivio;New York City;NY
Convivio;;
Cookshop;;
Cookshop;New York City;NY
Coopers Tavern;;
Coopers Tavern;New York City;NY
Copper Chimney;New York City;NY
Copper Chimney;;
Cornelia Street Cafe;New York City;NY
Cornelia Street Cafe;;
Corton;New York City;NY
Corton;;
Country;;
Country;New York City;NY
Craft;New York City;NY
Craft;;
Craftbar;New York City;NY
Craftbar;;
Crave Ceviche Bar;;
Crave Ceviche Bar;New York City;NY
Crave on 42nd;New York City;NY
Crave on 42nd;;
Crema Restaurante;New York City;NY
Crema Restaurante;;
Cremcaffe;New York City;NY
Cremcaffe;;
Crispo;New York City;NY
Crispo;;
Croton Reservoir Tavern;;
Croton Reservoir Tavern;New York City;NY
Cru;;
Cru;New York City;NY
Cub Room;;
Cub Room;New York City;NY
Cuba;New York City;NY
Cuba;;
Da Marino;;
Da Marino;New York City;NY
Daniela Trattoria;;
Daniela Trattoria;New York City;NY
Darbar;;
Darbar;New York City;NY
Darbar Grill;New York City;NY
Darbar Grill;;
Dardanel Mediterranean Seafood;New York City;NY
Dardanel Mediterranean Seafood;;
Dawat;;
Dawat;New York City;NY
DeGrezia Ristorante;New York City;NY
DeGrezia Ristorante;;
Del Posto;New York City;NY
Del Posto;;
Delicatessen;;
Delicatessen;New York City;NY
Delmonicos;;
Delmonicos;New York City;NY
Deluxe;;
Deluxe;New York City;NY
Dennis Foy;;
Dennis Foy;New York City;NY
Dervish Mediterranean Restaurant;New York City;NY
Dervish Mediterranean Restaurant;;
Destino NYC;New York City;NY
Destino NYC;;
Devi;;
Devi;New York City;NY
Devin Tavern;;
Devin Tavern;New York City;NY
Dewey's Flatiron;;
Dewey's Flatiron;New York City;NY
Dhaba;;
Dhaba;New York City;NY
Dinosaur Bar B Que;;
Dinosaur Bar B Que;New York City;NY
Dirt Candy;;
Dirt Candy;New York City;NY
District;;
District;New York City;NY
Diva;New York City;NY
Diva;;
Dizzys Club Coca Cola;;
Dizzys Club Coca Cola;New York City;NY
Dolce Vita;;
Domenico;New York City;NY
Domenico;;
Don Pedros;New York City;NY
Don Pedros;;
Don Veitia;New York City;NY
Don Veitia;;
Dopo Teatro Trattoria;;
Dopo Teatro Trattoria;New York City;NY
Double Crown;;
Double Crown;New York City;NY
Dovetail;New York City;NY
Dovetail;;
Drom;New York City;NY
Drom;;
Ducale Restaurant;New York City;NY
Ducale Restaurant;;
Dukes Gramercy Park;New York City;NY
Dukes Gramercy Park;;
Dukes Murray Hill;New York City;NY
Dukes Murray Hill;;
Dylan Prime;;
Dylan Prime;New York City;NY
EN Japanese Brasserie;;
EN Japanese Brasserie;New York City;NY
Earth NYC;New York City;NY
Earth NYC;;
East of Eighth Restaurant;;
East of Eighth Restaurant;New York City;NY
Eighty One;New York City;NY
Eighty One;;
El Parador;New York City;NY
El Parador;;
El Rio Grande;;
El Rio Grande;New York City;NY
Elettaria;New York City;NY
Elettaria;;
Eleven Madison Park;New York City;NY
Eleven Madison Park;;
Elizabeth;;
Elizabeth;New York City;NY
Emperor Japanese Tapas Shabu;New York City;NY
Emperor Japanese Tapas Shabu;;
Erminia Ristorante;;
Erminia Ristorante;New York City;NY
Esca;;
Esca;New York City;NY
Essex;;
Essex;New York City;NY
Essex Restaurant;;
Essex Restaurant;New York City;NY
Estiatorio Milos;New York City;NY
Estiatorio Milos;;
Etcetera Etcetera;;
Etcetera Etcetera;New York City;NY
Ethos Manhattan;;
Ethos Manhattan;New York City;NY
Ethos UN;;
Ethos UN;New York City;NY
Etrusca;;
Etrusca;New York City;NY
Euzkadi;New York City;NY
Euzkadi;;
FIAMMA;New York City;NY
FIAMMA;;
FORGE;;
FORGE;New York City;NY
FR.OG;New York City;NY
FR.OG;;
Faces and Names;;
Faces and Names;New York City;NY
Falai;;
Falai;New York City;NY
Fashion 40 Lounge;;
Fashion 40 Lounge;New York City;NY
Felidia;New York City;NY
Felidia;;
Fig Olive Meatpacking;New York City;NY
Fig Olive Meatpacking;;
Film Center Cafe;;
Film Center Cafe;New York City;NY
Fiorini;;
Fiorini;New York City;NY
Firebird Russian Restaurant;;
Firebird Russian Restaurant;New York City;NY
Firehouse Tavern;New York City;NY
Firehouse Tavern;;
Fireside at Omni Berkshire;New York City;NY
Fireside at Omni Berkshire;;
Five Points;New York City;NY
Five Points;;
Flea Market;New York City;NY
Flea Market;;
Fleur de Sel;;
Fleur de Sel;New York City;NY
Flor de Sol;;
Flor de Sol;New York City;NY
Food World;New York City;NY
Food World;;
Fragolino Trattoria;New York City;NY
Fragolino Trattoria;;
Frankie Johnnies Steakhouse Manhattan;New York City;NY
Frankie Johnnies Steakhouse Manhattan;;
Fraunces Tavern Restaurant;;
Fraunces Tavern Restaurant;New York City;NY
Fred's Restaurant;;
Fred's Restaurant;New York City;NY
Frederick's Downtown;New York City;
Fredericks Downtown;New York City;NY
Fredericks Downtown;;
Fusha West;New York City;NY
Fusha West;;
Gabrielas;;
Gabrielas;New York City;NY
Gaby Restaurant;New York City;NY
Gaby Restaurant;;
Gaetana's Cucina Italiana;;
Gaetana's Cucina Italiana;New York City;NY
Gallaghers Steak House;New York City;
Gallo Nero;New York City;NY
Gallo Nero;;
Gandhi Indian Restaurant;New York City;NY
Gandhi Indian Restaurant;;
Garage Restaurant and Cafe;New York City;NY
Garage Restaurant and Cafe;;
Gari;;
Gari;New York City;NY
Garlic Bob's Italian Restaurant & Pizzeria;New York City;NY
Garlic Bob's Italian Restaurant & Pizzeria;;
Gente;New York City;NY
Gente;;
Gilt;;
Gilt;New York City;NY
Giorgio's Of Gramercy;New York City;NY
Giorgio's Of Gramercy;;
Giorgione;New York City;NY
Giorgione;;
Giorgios of Gramercy;New York City;NY
Giorgios of Gramercy;;
Giovanni Ristorante Bar;;
Giovanni Ristorante Bar;New York City;NY
Giovanni's Italian Restaurant & Pizzeria;;
Giovanni's Italian Restaurant & Pizzeria;New York City;NY
Gobo Greenwich Village;;
Gobo Greenwich Village;New York City;NY
Gonzo;New York City;NY
Gonzo;;
Good Restaurant;New York City;NY
Good Restaurant;;
Gotham Bar and Grill;New York City;NY
Gotham Bar and Grill;;
Gramercy Tavern;New York City;NY
Gramercy Tavern;;
Grand Bar Lounge Soho Grand Hotel;;
Grand Bar Lounge Soho Grand Hotel;New York City;NY
Grand Central Oyster Bar;New York City;NY
Grand Central Oyster Bar;;
Grand Tier Met Opera;New York City;NY
Grand Tier Met Opera;;
Grayz to become atria;;
Greenwich Grill;New York City;NY
Greenwich Grill;;
Guantanamera;;
Guantanamera;New York City;NY
Gusto Ristorante e Bar Americano;;
Gusto Ristorante e Bar Americano;New York City;NY
GyuKaku East Village;;
GyuKaku East Village;New York City;NY
GyuKaku Mid Town;New York City;NY
GyuKaku Mid Town;;
Hakata Grill;New York City;NY
Hakata Grill;;
Hakata Tonton;New York City;
Hanratty's Restaurant & Bar;;
Hanratty's Restaurant & Bar;New York City;NY
Hanrattys;New York City;
Haru Sushi Wall Street;;
Haru Sushi Wall Street;New York City;NY
Havana Alma de Cuba;New York City;NY
Havana Alma de Cuba;;
Havana Central;New York City;NY
Havana Central;;
Havana Central Times Square;New York City;NY
Havana Central Times Square;;
Havana Central Union Square;;
Havana Central Union Square;New York City;NY
Havana Central at The West End;New York City;NY
Havana Central at The West End;;
Havana NY;New York City;NY
Havana NY;;
Haveli Restaurant;New York City;NY
Haveli Restaurant;;
Hawaiian Tropic Zone;New York City;NY
Hawaiian Tropic Zone;;
Heartbeat at W New York;;
Heartbeat at W New York;New York City;NY
Hearth;New York City;NY
Hearth;;
Heartland Brewery Chophouse;New York City;NY
Heartland Brewery Chophouse;;
Henrys Restaurant;;
Henrys Restaurant;New York City;NY
Hill Country;;
Hill Country;New York City;NY
Horus Kebab House;New York City;NY
Horus Kebab House;;
Horus Lounge II;;
Horus Lounge II;New York City;NY
Hudson Cafeteria;New York City;NY
Hudson Cafeteria;;
Hudson River Cafe;New York City;NY
Hudson River Cafe;;
Hundred Acres;;
Hundred Acres;New York City;NY
Hurleys;New York City;NY
Hurleys;;
I Trulli;;
I Trulli;New York City;NY
Icon;;
Icon;New York City;NY
Ideya;New York City;NY
Ideya;;
Il Bastardo;;
Il Bastardo;New York City;NY
Il Bordello;;
Il Bordello;New York City;NY
Il Buco;New York City;NY
Il Buco;;
Il Campanello Ristorante;New York City;NY
Il Campanello Ristorante;;
Il Cantinori;New York City;NY
Il Cantinori;;
Il Corso;;
Il Corso;New York City;NY
Il Mattone;;
Il Mattone;New York City;NY
Il Melograno;New York City;NY
Il Melograno;;
In Vino Wine Bar Restaurant;;
In Vino Wine Bar Restaurant;New York City;NY
Inagiku;;
Inagiku;New York City;NY
Inakaya;New York City;
Indian Taj;;
Indian Taj;New York City;NY
Indigo Indian Bistro;New York City;NY
Indigo Indian Bistro;;
Indochine;;
Indochine;New York City;NY
Inside Park at St Barts;New York City;NY
Inside Park at St Barts;;
Insieme;New York City;NY
Insieme;;
Intermezzo;New York City;NY
Intermezzo;;
International Food House;New York City;NY
International Food House;;
Irving Mill;;
Irving Mill;New York City;NY
Istana;New York City;NY
Istana;;
It's A Dominican Thing;New York City;NY
It's A Dominican Thing;;
Ivy's Bistro;;
Ivy's Bistro;New York City;NY
Jacques;New York City;NY
Jacques;;
Jane;New York City;NY
Jane;;
Japonais NYC;;
Japonais NYC;New York City;NY
Jarnac;New York City;NY
Jarnac;;
Jazz Standard;New York City;NY
Jazz Standard;;
Jean Georges;;
Jean Georges;New York City;NY
Jeeb;;
Jeeb;New York City;NY
Jewel of India NYC;;
Jewel of India NYC;New York City;NY
John Barry's;;
John Barry's;New York City;NY
Johnny Utahs;New York City;NY
Johnny Utahs;;
Joseph's Restaurant;;
Joseph's Restaurant;New York City;NY
Josephina;New York City;NY
Josephina;;
Josies East;New York City;NY
Josies East;;
Josies West;New York City;NY
Josies West;;
Jour et Nuit;;
Jour et Nuit;New York City;NY
Keens Steakhouse;New York City;NY
Keens Steakhouse;;
Kefi;New York City;NY
Kefi;;
Kellari Parea Greek Bistro;New York City;NY
Kellari Parea Greek Bistro;;
Kellari Taverna;;
Kellari Taverna;New York City;NY
Kellari's Parea;New York City;NY
Kellari's Parea;;
Kingswood;New York City;NY
Kingswood;;
Kion;;
Kion;New York City;NY
Kittichai;;
Kittichai;New York City;NY
Klee;;
Klee;New York City;NY
Knife Fork Restaurant Wine Bar;New York City;NY
Knife Fork Restaurant Wine Bar;;
Kobe Club New York;New York City;NY
Kobe Club New York;;
Kobma;;
Kobma;New York City;NY
Koi New York;;
Koi New York;New York City;NY
Kouzan;New York City;NY
Kouzan;;
Krunch Pizza;New York City;NY
Krunch Pizza;;
Kurve;New York City;NY
Kurve;;
LAllegria Restaurant;New York City;NY
LAllegria Restaurant;;
LArtusi;;
LArtusi;New York City;NY
LAtelier de Joel Robuchon Four Seasons Hotel New York;New York City;NY
LAtelier de Joel Robuchon Four Seasons Hotel New York;;
LEcole Restaurant of The French Culinary Institute;New York City;NY
LEcole Restaurant of The French Culinary Institute;;
La Carne Grill;New York City;NY
La Carne Grill;;
La Fonda Del Sol;New York City;
La Giara;New York City;NY
La Giara;;
La Grenouille;New York City;NY
La Grenouille;;
La Grolla Ristorante;New York City;NY
La Grolla Ristorante;;
La Hacienda;New York City;NY
La Hacienda;;
La Masseria;;
La Masseria;New York City;NY
La Mediterranee;;
La Mediterranee;New York City;NY
La Rivista;New York City;NY
La Rivista;;
La Sirene;New York City;NY
La Sirene;;
La Vineria;New York City;NY
La Vineria;;
La Zarza;New York City;NY
La Zarza;;
Lafayette Bar & Grill;New York City;NY
Lafayette Bar & Grill;;
Lattanzi;;
Lattanzi;New York City;NY
Le Bernardin;;
Le Bernardin;New York City;NY
Le Caire Lounge;;
Le Caire Lounge;New York City;NY
Le Cirque;;
Le Cirque;New York City;NY
Le Colonial;New York City;NY
Le Colonial;;
Le Perigord;New York City;NY
Le Perigord;;
Le Rivage;New York City;NY
Le Rivage;;
Le Souk;;
Le Souk;New York City;NY
Legends New York City;New York City;NY
Legends New York City;;
Les Halles Downtown;New York City;NY
Les Halles Downtown;;
Les Halles Park Avenue;;
Les Halles Park Avenue;New York City;NY
Les Sans Culottes;New York City;NY
Les Sans Culottes;;
Levana;New York City;NY
Levana;;
Lever House;;
Lever House;New York City;NY
Liberty Cafe & Taco Bell;New York City;NY
Liberty Cafe & Taco Bell;;
Lilys;;
Lilys;New York City;NY
Little Giant;;
Little Giant;New York City;NY
Lobby Lounge at Mandarin Oriental New York;New York City;NY
Lobby Lounge at Mandarin Oriental New York;;
Local Cafe & Cocktails;;
Local Cafe & Cocktails;New York City;NY
Lola;New York City;NY
Lola;;
Lomito;New York City;NY
Lomito;;
Los Dados;New York City;NY
Los Dados;;
Lotus;;
Lotus;New York City;NY
Luca Lounge Antipasti & Pizzette;;
Luca Lounge Antipasti & Pizzette;New York City;NY
Lucilles Grill;;
Lucilles Grill;New York City;NY
Lucky Chengs;New York City;NY
Lucky Chengs;;
Lucy;New York City;NY
Lucy;;
Lugo Caff;;
Lugo Caff;New York City;NY
Luna Piena Ristorante;New York City;NY
Luna Piena Ristorante;;
Lunetta;New York City;NY
Lunetta;;
Lupa;New York City;NY
Lupa;;
Lure Fishbar;;
Lure Fishbar;New York City;NY
Lusso;New York City;NY
Luzia's Restaurant and Tapas Bar;New York City;NY
Luzia's Restaurant and Tapas Bar;;
MINT;;
MINT;New York City;NY
MR CHOW 57th;;
MR CHOW 57th;New York City;NY
MR CHOW TriBeca;;
MR CHOW TriBeca;New York City;NY
Macao Trading Company;;
Macao Trading Company;New York City;NY
Madison Bistro;;
Madison Bistro;New York City;NY
Madison Vine;;
Madison Vine;New York City;NY
Madras Mahal;New York City;NY
Madras Mahal;;
Madrit's Pronto Pizza;New York City;NY
Madrit's Pronto Pizza;;
Mai House;New York City;NY
Mai House;;
Maison;New York City;NY
Maison;;
Maloney Porcelli;;
Maloney Porcelli;New York City;NY
Manchester Pub;;
Manchester Pub;New York City;NY
Manhattan Diner;;
Manhattan Diner;New York City;NY
Manhattan Sky;;
Manhattan Sky;New York City;NY
Maracas Mexican Bar & Grill;;
Maracas Mexican Bar & Grill;New York City;NY
Maras Homemade;New York City;NY
Maras Homemade;;
Marc Forgione fka FORGE;New York City;
Marfa;New York City;
Maria Pia;New York City;NY
Maria Pia;;
Mark Joseph Steakhouse;New York City;NY
Mark Joseph Steakhouse;;
Market Table;New York City;NY
Market Table;;
Markt;New York City;NY
Markt;;
Mars 12;;
Marseille;;
Marseille;New York City;NY
Martinique Cafe;;
Martinique Cafe;New York City;NY
Masala Bollywood;New York City;NY
Masala Bollywood;;
Massif Central;New York City;NY
Massif Central;;
Massimo al Ponte Vecchio;New York City;NY
Massimo al Ponte Vecchio;;
Matador;New York City;NY
Matador;;
Matsugen;New York City;NY
Matsugen;;
Matsuri;;
Matsuri;New York City;NY
McCormick Schmicks Seafood New York;;
McCormick Schmicks Seafood New York;New York City;NY
Megu;New York City;NY
Megu;;
Megu Midtown;New York City;NY
Megu Midtown;;
Meli Melo;New York City;NY
Meli Melo;;
Mercantile Grill;New York City;NY
Mercantile Grill;;
Mercat;New York City;NY
Mercat;;
Mercer Kitchen;;
Mercer Kitchen;New York City;NY
Mercury Bar;New York City;NY
Mercury Bar;;
Merkato 55;;
Merkato 55;New York City;NY
Mesa Grill;New York City;NY
Mesa Grill;;
Meson Sevilla;New York City;NY
Meson Sevilla;;
Metisse French Bistro;;
Metisse French Bistro;New York City;NY
Metro 53 Bar & Restaurant;;
Metro 53 Bar & Restaurant;New York City;NY
Metro Marche;New York City;NY
Metro Marche;;
Mezzogiorno;New York City;NY
Mezzogiorno;;
Mia Dona;New York City;NY
Mia Dona;;
Michael Jordans the Steakhouse NYC;New York City;NY
Michael Jordans the Steakhouse NYC;;
Michaels;New York City;NY
Michaels;;
Midtown Restaurant;;
Midtown Restaurant;New York City;NY
Mimas CubanFusion;New York City;NY
Mimas CubanFusion;;
Minar Indian Restaurant;;
Minar Indian Restaurant;New York City;NY
Mindys at The New York Helmsley Hotel;New York City;NY
Mindys at The New York Helmsley Hotel;;
Mint Restaurant;;
Mint Restaurant;New York City;NY
Miss Mamie's Spoon Bread Too;;
Miss Mamie's Spoon Bread Too;New York City;NY
Miss Maude's Spoonbread Too;;
Miss Maude's Spoonbread Too;New York City;NY
Mitali Restaurant;;
Mitali Restaurant;New York City;NY
Mo Fongo;;
Mo Fongo;New York City;NY
Moda;New York City;NY
Moda;;
Molyvos;New York City;NY
Molyvos;;
Monaco;;
Monaco;New York City;NY
Montebello Ristorante Italiano;;
Montebello Ristorante Italiano;New York City;NY
Montes Trattoria;New York City;NY
Montes Trattoria;;
Morimoto New York;New York City;NY
Morimoto New York;;
Morrell Wine Bar Cafe;New York City;NY
Morrell Wine Bar Cafe;;
Mortons The Steakhouse Midtown Manhattan;;
Mortons The Steakhouse Midtown Manhattan;New York City;NY
Mr Jones;New York City;NY
Mr Jones;;
Mr Ks;New York City;NY
Mr Ks;;
Mr WEST;;
Mr WEST;New York City;NY
Mtrazur;;
Mtrazur;New York City;NY
Murals 54;New York City;NY
Murals 54;;
Murals on 54 The Warwick New York Hotel;New York City;NY
Murals on 54 The Warwick New York Hotel;;
Murray Street Grill;;
Murray Street Grill;New York City;NY
NAYA Mezze Grill;;
NAYA Mezze Grill;New York City;NY
Naima;New York City;NY
Naima;;
Nanking Manhattan;New York City;NY
Nanking Manhattan;;
Nation;New York City;NY
Nation;;
Natsumi Restaurant;New York City;NY
Natsumi Restaurant;;
Neo Sushi;New York City;NY
Neo Sushi;;
Nero D Avola;New York City;NY
Nero D Avola;;
Nice Matin;New York City;NY
Nice Matin;;
Nick Stefs;;
Nick Stefs;New York City;NY
Nikki Midtown;New York City;NY
Nikki Midtown;;
Ninja;;
Ninja;New York City;NY
Ninos 208;;
Ninos 208;New York City;NY
Ninos Positano;New York City;NY
Ninos Positano;;
Ninos Tuscany;New York City;NY
Ninos Tuscany;;
Nirvana;New York City;NY
Nirvana;;
Nisos Mediterranean Cuisine;;
Nisos Mediterranean Cuisine;New York City;NY
Nizza NYC;New York City;NY
Nizza NYC;;
Nolita House Restaurant;;
Nolita House Restaurant;New York City;NY
Nonna;;
Nonna;New York City;NY
Normas at Le Parker Meridien;New York City;NY
Normas at Le Parker Meridien;;
North Square;;
North Square;New York City;NY
Nougatine at Jean Georges;;
Nougatine at Jean Georges;New York City;NY
Novecento New York;;
Novecento New York;New York City;NY
Novit New York City;New York City;
ONDA;New York City;
Oceana;;
Oceana;New York City;NY
Olana;;
Olana;New York City;NY
Old Castle Pub & Restaurant;New York City;NY
Old Castle Pub & Restaurant;;
Old Homestead Restaurant;New York City;NY
Old Homestead Restaurant;;
Ole Restaurant;New York City;NY
Ole Restaurant;;
Olives;;
Olives;New York City;NY
One Little West 12;;
One Little West 12;New York City;NY
One if by Land Two if by Sea;;
One if by Land Two if by Sea;New York City;NY
Onieals Grand Street;New York City;NY
Onieals Grand Street;;
Ono;New York City;NY
Ono;;
Opia;;
Opia;New York City;NY
Oscars at the Waldorf Astoria;New York City;NY
Oscars at the Waldorf Astoria;;
Osteria Del Circo;New York City;NY
Osteria Del Circo;;
Osteria Gelsi;New York City;NY
Osteria Gelsi;;
Osteria Laguna;New York City;NY
Osteria Laguna;;
Osteria al Doge;;
Osteria al Doge;New York City;NY
Otto Enoteca Pizzeria;New York City;NY
Otto Enoteca Pizzeria;;
Ouest;New York City;NY
Ouest;;
Oxford Cafe;New York City;NY
Oxford Cafe;;
P.D O'Hurley's;New York City;NY
P.D O'Hurley's;;
PJ Charlton;New York City;NY
PJ Charlton;;
PK's Place Diner;;
PK's Place Diner;New York City;NY
PLANETHAILAND212;New York City;NY
PLANETHAILAND212;;
Pacific Echo;New York City;NY
Pacific Echo;;
Padre Figlio;;
Padre Figlio;New York City;NY
Pal;;
Pal;New York City;NY
Palm Court at The Plaza Hotel;New York City;NY
Palm Court at The Plaza Hotel;;
Pampano;New York City;NY
Pampano;;
Pamplona;;
Pamplona;New York City;NY
Pangea;New York City;NY
Pangea;;
Papatzul;New York City;NY
Papatzul;;
Papillon Bistro and Bar;;
Papillon Bistro and Bar;New York City;NY
Paradou;New York City;NY
Paradou;;
Park Avenue Bistro;;
Park Avenue Bistro;New York City;NY
Parnell's Bar & Restaurant;;
Parnell's Bar & Restaurant;New York City;NY
Pasha NYC;;
Pasha NYC;New York City;NY
Patroon;New York City;NY
Patroon;;
Pazza Notte;New York City;NY
Pazza Notte;;
Peacock Alley;;
Peacock Alley;New York City;NY
Peasant;New York City;NY
Peasant;;
Per Se;;
Per Se;New York City;NY
Pera Mediterranean Brasserie;New York City;NY
Pera Mediterranean Brasserie;;
Perilla Restaurant;;
Perilla Restaurant;New York City;NY
Periyali;New York City;NY
Periyali;;
Perle;;
Perle;New York City;NY
Perry St;New York City;NY
Perry St;;
Pescatore;New York City;NY
Pescatore;;
Petrossian New York;New York City;NY
Petrossian New York;;
Philip Marie;New York City;NY
Philip Marie;;
Philippe;;
Philippe;New York City;NY
Piano Due;New York City;NY
Piano Due;;
Picholine;New York City;NY
Picholine;;
Pietrasanta;New York City;NY
Pietrasanta;;
Pipa;;
Pipa;New York City;NY
Plataforma Churrascaria;;
Plataforma Churrascaria;New York City;NY
Plunge Bar;;
Plunge Bar;New York City;NY
Pollos Bravo;;
Pollos Bravo;New York City;NY
Pomaire;New York City;NY
Pomaire;;
Porcao Churrascaria;New York City;NY
Porcao Churrascaria;;
Porter House New York;;
Porter House New York;New York City;NY
Portfolio Restaurant;New York City;NY
Portfolio Restaurant;;
Pound Pence;;
Pound Pence;New York City;NY
Pranna;;
Pranna;New York City;NY
Premon Thai;;
Premon Thai;New York City;NY
Primitivo Osteria;;
Primitivo Osteria;New York City;NY
Prohibition;New York City;NY
Prohibition;;
Providence NYC;New York City;NY
Providence NYC;;
Public;New York City;NY
Public;;
Public House New York;;
Public House New York;New York City;NY
Pure Food and Wine;New York City;NY
Pure Food and Wine;;
Purnima;;
Purnima;New York City;NY
Puttanesca;;
Puttanesca;New York City;NY
QDT;;
QDT;New York City;NY
Quality Meats;New York City;NY
Quality Meats;;
Quiznos Sub;;
Quiznos Sub;New York City;NY
Rachels American Bistro;;
Rachels American Bistro;New York City;NY
Raku II;;
Raku II;New York City;NY
Ranch 1 & City Cafe;;
Ranch 1 & City Cafe;New York City;NY
Raouls;;
Raouls;New York City;NY
Rare Bar & Grill;;
Rare Bar & Grill;New York City;NY
Rayuela;;
Rayuela;New York City;NY
Re Sette;;
Re Sette;New York City;NY
Red Cat;;
Red Cat;New York City;NY
Red Egg;New York City;NY
Red Egg;;
Red Restaurant;;
Red Restaurant;New York City;NY
Redemption Cocktail Lounge & Cafe;;
Redemption Cocktail Lounge & Cafe;New York City;NY
Regate;New York City;NY
Regate;;
Regional;New York City;NY
Regional;;
Remi;New York City;NY
Remi;;
Resto;New York City;NY
Resto;;
Revival;;
Revival;New York City;NY
RhongTiam;;
RhongTiam;New York City;NY
Ricardo Steak House;New York City;NY
Ricardo Steak House;;
Riingo;;
Riingo;New York City;NY
Rita Mae's;New York City;NY
Rita Mae's;;
Roberto Passon;New York City;NY
Roberto Passon;;
Roc Restaurant;;
Roc Restaurant;New York City;NY
Rocco Restaurant;;
Rocco Restaurant;New York City;NY
Rock Center Cafe;;
Rock Center Cafe;New York City;NY
Rodeo Bar & Grill;;
Rodeo Bar & Grill;New York City;NY
Rosa Mexicano First Avenue;New York City;NY
Rosa Mexicano First Avenue;;
Rosa Mexicano Lincoln Center;;
Rosa Mexicano Lincoln Center;New York City;NY
Rosa Mexicano Union Square;;
Rosa Mexicano Union Square;New York City;NY
Rosanjin;;
Rosanjin;New York City;NY
Rosie OGradys;New York City;NY
Rosie OGradys;;
Rosie OGradys Times Square;;
Rosie OGradys Times Square;New York City;NY
Roth's Westside Steakhouse;New York City;
Rothmanns Steakhouse NYC;;
Rothmanns Steakhouse NYC;New York City;NY
Roths Westside Steakhouse;New York City;NY
Roths Westside Steakhouse;;
Rouge Tomate;;
Rouge Tomate;New York City;NY
Roys New York;;
Roys New York;New York City;NY
Russian Firebird Restaurant;New York City;NY
Russian Tea Room NYC;;
Russian Tea Room NYC;New York City;NY
Ruths Chris Steak House New York City Midtown;;
Ruths Chris Steak House New York City Midtown;New York City;NY
SIDECAR at PJ Clarkes;New York City;NY
SIDECAR at PJ Clarkes;;
SUSHISAMBA 7;;
SUSHISAMBA 7;New York City;NY
SUSHISAMBA park;;
SUSHISAMBA park;New York City;NY
SUteiShi;;
SUteiShi;New York City;
Sage - St. Vartan Cafe;;
Sage - St. Vartan Cafe;New York City;NY
Saju Bistro;New York City;
Sakagura;New York City;NY
Sakagura;;
Salam Cafe and Restaurant;;
Salam Cafe and Restaurant;New York City;NY
Salmon River;;
Salmon River;New York City;NY
Salt;New York City;NY
Salt;;
Salud Restaurant & Bar;;
Salud Restaurant & Bar;New York City;NY
Salute;New York City;NY
Salute;;
Salute!;New York City;
Salute!;;
Sambuca;New York City;NY
Sambuca;;
San Domenico;;
San Domenico;New York City;NY
San Domenico NY;;
San Domenico NY;New York City;NY
Sanctuary T;;
Sanctuary T;New York City;NY
Sangria 46;New York City;NY
Sangria 46;;
Sapphire;;
Sapphire;New York City;NY
Satsko;;
Satsko;New York City;NY
Savore;New York City;NY
Savore;;
Savoy;New York City;NY
Savoy;;
Scaletta Restaurant;New York City;NY
Scaletta Restaurant;;
Scalini Fedeli;New York City;NY
Scalini Fedeli;;
Scarlatto;New York City;NY
Scarlatto;;
Scarpetta;New York City;NY
Scarpetta;;
Sea Grill;New York City;NY
Sea Grill;;
Seasonal Restaurant and Weinbar;New York City;NY
Secession;New York City;NY
Secession;;
Seppis;New York City;NY
Seppis;;
Seppis RestoBar;New York City;NY
Seppis RestoBar;;
Sequoia Restaurant;New York City;NY
Sequoia Restaurant;;
Serafina;New York City;NY
Serafina;;
Serafina at The Time Hotel;;
Serafina at The Time Hotel;New York City;NY
Shaburi;;
Shaburi;New York City;NY
Shang;New York City;
Shelton Grille;New York City;NY
Shelton Grille;;
Shinbashi;;
Shinbashi;New York City;NY
Shulas Steak House NY;;
Shulas Steak House NY;New York City;NY
Shun Lee Cafe;New York City;NY
Shun Lee Cafe;;
Shun Lee Palace;New York City;NY
Shun Lee Palace;;
Shun Lee West;;
Shun Lee West;New York City;NY
Silver Swan;;
Silver Swan;New York City;NY
Sinigual NY;New York City;NY
Sinigual NY;;
Slate Plus;New York City;NY
Slate Plus;;
Slattery's Midtown Pub;New York City;NY
Slattery's Midtown Pub;;
Smith Wollensky New York;New York City;NY
Smith Wollensky New York;;
Smoke Jazz Club;New York City;NY
Smoke Jazz Club;;
Smorgas Chef Midtown;New York City;NY
Smorgas Chef Midtown;;
Smorgas Chef Scandinavia House;New York City;NY
Smorgas Chef Scandinavia House;;
Smorgas Chef Wall Street;New York City;NY
Smorgas Chef Wall Street;;
Smorgas Chef West Village;;
Smorgas Chef West Village;New York City;NY
Sol Y Sombra;;
Sol Y Sombra;New York City;NY
Sol Y Sombra Manhattan;;
Sol Y Sombra Manhattan;New York City;NY
Solo;;
Solo;New York City;NY
Sombrero Mexican;;
Sombrero Mexican;New York City;NY
Son Cubano;;
Son Cubano;New York City;NY
Sonia Rose;New York City;NY
Sonia Rose;;
Sosa Borella;New York City;NY
Sosa Borella;;
South Gate;New York City;NY
South Gate;;
Spice Market;;
Spice Market;New York City;NY
Staghorn Steakhouse;;
Staghorn Steakhouse;New York City;NY
Steak Frites;New York City;NY
Steak Frites;;
Stella Maris;;
Stella Maris;New York City;NY
Stone Rose;;
Stone Rose;New York City;NY
Stone Street Tavern;New York City;NY
Stone Street Tavern;;
Strada 57;New York City;NY
Strada 57;;
Strip House;New York City;NY
Strip House;;
Suba;;
Suba;New York City;NY
Subway Restaurant;New York City;NY
Subway Restaurant;;
Suenos;New York City;NY
Suenos;;
Sumile Sushi;;
Sumile Sushi;New York City;NY
Summers Bar & Restaurant;;
Summers Bar & Restaurant;New York City;NY
Sushi Twist;New York City;NY
Sushi Twist;;
Sushi of Gari 46;;
Sushi of Gari 46;New York City;NY
SuteiShi;;
SuteiShi;New York City;NY
Swizz Restaurant;New York City;NY
Swizz Restaurant;;
THOR;;
THOR;New York City;NY
TY Four Seasons New York;New York City;NY
TY Four Seasons New York;;
Ta Cocina;;
Ta Cocina;New York City;NY
Tabla;;
Tabla;New York City;NY
Taboon;New York City;NY
Taboon;;
Tacocina Restaurant;New York City;NY
Tacocina Restaurant;;
Tagine Dining Gallery Lounge;;
Tagine Dining Gallery Lounge;New York City;NY
Taj New York;;
Taj New York;New York City;NY
Talay Restaurant;New York City;NY
Talay Restaurant;;
Talia's Steakhouse & Bar;New York City;NY
Talia's Steakhouse & Bar;;
Tamarind;New York City;NY
Tamarind;;
Tao;;
Tao;New York City;NY
Tarallucci E Vino;;
Tarallucci E Vino;New York City;NY
Telepan;New York City;NY
Telepan;;
Telephone Bar and Grill;;
Telephone Bar and Grill;New York City;NY
Teresa's Gourmet Cafe;;
Teresa's Gourmet Cafe;New York City;NY
Terrace in the Sky;;
Terrace in the Sky;New York City;NY
Texas Rotisserie & Grill;New York City;NY
Texas Rotisserie & Grill;;
Thalassa;New York City;NY
Thalassa;;
Thalia;New York City;NY
Thalia;;
The Art Institute of New York One Hudson Square;New York City;NY
The Art Institute of New York One Hudson Square;;
The Beekman;New York City;NY
The Beekman;;
The Box NYCs PANDORA;New York City;NY
The Box NYCs PANDORA;;
The Carriage House;New York City;NY
The Carriage House;;
The Center Room;;
The Center Room;New York City;NY
The EU Restaurant;;
The EU Restaurant;New York City;NY
The Four Seasons Restaurant;;
The Four Seasons Restaurant;New York City;NY
The Harrison;;
The Harrison;New York City;NY
The Hideaway;;
The Hideaway;New York City;NY
The House;New York City;NY
The House;;
The Ketch;;
The Ketch;New York City;NY
The Kitchen Club;New York City;NY
The Kitchen Club;;
The Libertine;;
The Libertine;New York City;NY
The Little Owl;New York City;NY
The Little Owl;;
The Mermaid Inn;;
The Mermaid Inn;New York City;NY
The Mermaid Inn Uptown;New York City;NY
The Mermaid Inn Uptown;;
The Modern Bar Room;New York City;NY
The Modern Bar Room;;
The Modern Dining Room;New York City;NY
The Modern Dining Room;;
The Monday Room;New York City;NY
The Monday Room;;
The Neptune Room;;
The Oak Room at the Plaza Hotel;New York City;NY
The Oak Room at the Plaza Hotel;;
The Odeon;;
The Odeon;New York City;NY
The Orchard;;
The Orchard;New York City;NY
The Overlook;New York City;NY
The Overlook;;
The Palm NYC One;New York City;NY
The Palm NYC One;;
The Palm NYC Too;New York City;NY
The Palm NYC Too;;
The Palm NYC West Side;;
The Palm NYC West Side;New York City;NY
The Palm Tribeca;New York City;NY
The Palm Tribeca;;
The Park;New York City;NY
The Park;;
The Red Lion;;
The Red Lion;New York City;NY
The River Room;;
The River Room;New York City;NY
The Round Table at the Algonquin Hotel;New York City;NY
The Round Table at the Algonquin Hotel;;
The Smith;New York City;NY
The Smith;;
The Stanton Social;New York City;NY
The Stanton Social;;
The View Restaurant;New York City;NY
The View Restaurant;;
The Water Club;;
The Water Club;New York City;NY
The West Branch;;
The West Branch;New York City;NY
Toasties (East);;
Toasties (East);New York City;NY
Tocqueville;New York City;NY
Tocqueville;;
Tokyo Pop;;
Toloache;New York City;NY
Toloache;;
Tonys Di Napoli Midtown;;
Tonys Di Napoli Midtown;New York City;NY
Town;;
Town;New York City;NY
Tre;;
Tre;New York City;NY
Tre Dici;New York City;NY
Tre Dici;;
Tredici Steak;New York City;NY
Tredici Steak;;
Trestle on Tenth;New York City;NY
Trestle on Tenth;;
Tribeca Grill;New York City;NY
Tribeca Grill;;
Trigo;;
Trigo;New York City;NY
Trinity Place;New York City;NY
Trinity Place;;
Triomphe;;
Triomphe;New York City;NY
Two Times Square;;
Two Times Square;New York City;NY
Uncle Jacks Steakhouse Midtown;;
Uncle Jacks Steakhouse Midtown;New York City;NY
Uncle Jacks Steakhouse Westside;New York City;NY
Uncle Jacks Steakhouse Westside;;
Union Prime;;
Union Prime;New York City;NY
Union Square Cafe;New York City;NY
Union Square Cafe;;
Utsav Festive India;;
Utsav Festive India;New York City;NY
Vai Restaurant;;
Vai Restaurant;New York City;NY
Valbella;New York City;
Valdino West;;
Valdino West;New York City;NY
Vatan Indian Restaurant;New York City;
Veritas;New York City;NY
Veritas;;
Via Dei Mille;New York City;NY
Via Dei Mille;;
Via Della Pace;;
Via Della Pace;New York City;NY
Vic's Pizza;;
Vic's Pizza;New York City;NY
ViceVersa;New York City;NY
ViceVersa;;
Victors Caf;New York City;NY
Victors Caf;;
Village;;
Village;New York City;NY
Vince & Eddie's;;
Vince & Eddie's;New York City;NY
Vince and Eddies;;
Vince and Eddies;New York City;NY
Virgils;;
Virgils;New York City;NY
Vong New York;;
Vong New York;New York City;NY
Waikiki Wallys;New York City;NY
Waikiki Wallys;;
Wakiya;;
Wakiya;New York City;NY
Walls;New York City;NY
Walls;;
Waterstone Grill;;
Waterstone Grill;New York City;NY
West Bank Cafe;;
West Bank Cafe;New York City;NY
Westside Brewing Company;;
Westside Brewing Company;New York City;NY
Windfall;New York City;NY
Windfall;;
Wogies;;
Wogies;New York City;NY
Wolfgangs Steakhouse Tribeca;;
Wolfgangs Steakhouse Tribeca;New York City;NY
YerbaBuena;;
YerbaBuena;New York City;NY
Yuva;;
Yuva;New York City;NY
Zampa;;
Zampa;New York City;NY
Zanzibar;New York City;NY
Zanzibar;;
Zarela;;
Zarela;New York City;NY
Zereou Restaurant and Bar;New York City;NY
Zereou Restaurant and Bar;;
Zerza;New York City;
Zeytin;New York City;NY
Zeytin;;
Zipcode;;
Zipcode;New York City;NY
Zoe Restaurant;;
Zoe Restaurant;New York City;NY
Zona Rosa;;
Zorzi;New York City;NY
Zorzi;;
craftsteak;New York City;NY
craftsteak;;
db Bistro moderne;New York City;NY
db Bistro moderne;;
de Santos Manhattan;New York City;NY
de Santos Manhattan;;
dellanima;New York City;NY
dellanima;;
iL Punto;New York City;
ilili;New York City;NY
ilili;;
landmarc tribeca;New York City;
pong;New York City;NY
pong;;
wd50;;
wd50;New York City;NY
