level_0;level_1;ristorante;indirizzoOriginale;quartiere;Score;0_restaurant;0_neighborhood;0_address;0_country;0_country_code;0_type;0_cost;0_type_r;1_restaurant;1_address;1_country;1_neighborhood;1_type;1_phone;1_type_r
146;320;1,000;1,000;1,000;3,000;Bobby Van's Steakhouse-Park Avenue;Midtown East;230 Park Avenue;New York;NY;Steakhouse;$$$;;Bobby Van’s Steakhouse; 230 Park Ave-at 46th St;New York;Midtown East;Steakhouses;(212-867-5490);
171;378;1,000;1,000;1,000;3,000;Bright Food Shop;Chelsea;218 Eighth Ave;New York;NY;Asian;$;;Bright Food Shop (CLOSED); 216 Eighth Ave-at 21st St;New York;Chelsea;Eclectic;(212-243-4433);
175;393;1,000;1,000;1,000;3,000;Bubba Gump Shrimp Co.;Midtown West;1501 Broadway;New York;NY;American;$;;Bubba Gump Shrimp Company; 1501 Broadway-at 44th St;New York;Midtown West;Seafood;(212-391-7100);
6816;673;1,000;1,000;1,000;3,000;Da Andrea;Greenwich Village;557 Hudson St btwn Perry and W 11th Sts;;;;;;Da Andrea (CLOSED); 557 Hudson St-between Perry and W 11th Sts;New York;West Village;Italian;(212-367-1979);
322;13866;1,000;1,000;1,000;3,000;Dok Suni;East Village;119 First Ave;New York;NY;Korean;$$;;Dok Suni's;119 First Ave.;New York;East Village;;;
421;13900;1,000;1,000;1,000;3,000;Great N.Y. Noodle Town;Chinatown;28 Bowery;New York;NY;Chinese;$;;Great N.Y. Noodletown;28 Bowery;New York;Chinatown;;;
446;13905;1,000;1,000;1,000;3,000;Hill Country;Chelsea;30 W. 26th St.;New York;NY;Barbecue;$$;;Hill Country Barbecue;30 W 26th St.;New York;Chelsea;;;
7029;1522;1,000;1,000;1,000;3,000;Mi Cocina;Greenwich Village;57 Jane St at Hudson St;;;;;;Mi Cocina (CLOSED); 57 Jane St-at Hudson St;New York;West Village;Mexican;(212-627-8273);
760;14005;1,000;1,000;1,000;3,000;Ping's Seafood;Chinatown;22 Mott St;New York;NY;Chinese;$;;Ping's Seafood Restaurant;22 Mott St.;New York;Chinatown;;;
832;2000;1,000;1,000;1,000;3,000;Sammy's Roumanian;Lower East Side;157 Chrystie St;New York;NY;European;$$$;;Sammy's Roumanian Steak House; 157 Chrystie St-;New York;Lower East Side;Eastern European;(212-673-0330);
7234;2266;1,000;1,000;1,000;3,000;Ted's Montana Grill;Midtown West;110 W 51st St btwn Sixth and Seventh...;;;;;;Ted’s Montana Grill; 110 W 51st St-between Sixth and Seventh Aves;New York;Midtown West;American;(212-245-5220);
6808;642;1,000;1,000;1,000;3,000;Country Cafe;SoHo;69 Thompson St btwn Broome and Spring...;;;;;;Country Café; 69 Thompson St-between Broome and Spring Sts;New York;Soho;French;(212-966-5417);
6650;169;1,000;1,000;1,000;3,000;Ayza Cafe and Wine Bar;Midtown East;11 W 31st St btwn Fifth Ave and Broadway;;;;;;Ayza Café and Wine Bar; 11 W 31st St-between Fifth Ave and Broadway;New York;Midtown East;Eclectic;(212-714-2992);
6660;209;1,000;1,000;1,000;3,000;Banc Cafe;Midtown East;431 Third Ave at 30th St;;;;;;Banc Café; 431 Third Ave-at 30th St;New York;Midtown East;French;(212-252-0146);
6868;858;1,000;1,000;1,000;3,000;Fairway Cafe and Steakhouse;Upper West Side;2127 Broadway btwn 74th and 75th Sts;;;;;;Fairway Café and Steakhouse;2127 Broadway -between 74th and 75th Stssecond floor;New York;Upper West Side;American;(212-595-1888);
6897;14147;1,000;1,000;1,000;3,000;Gazala Place;Midtown West;709 Ninth Ave at 49th St;;;;;;Gazala's Place;709 9th Ave-Btwn 48th & 49th St;New York;Midtown West;;(212-245-0709);Middle Eastern
6926;1110;1,000;1,000;1,000;3,000;Indian Bread Co;Greenwich Village;194 Bleecker St btwn Sixth Ave and...;;;;;;Indian Bread Co.; 194 Bleecker St-between Sixth Ave and MacDougal St;New York;Greenwich Village;Indian;(212-228-1909);
7100;1810;1,000;1,000;1,000;3,000;Piccolo Angelo;Greenwich Village;621 Hudson St btwn Jane and W 12th Sts;;;;;;Piccolo Angolo; 621 Hudson St-at Jane St;New York;West Village;Italian;(212-229-9177);
755;1810;1,000;1,000;1,000;3,000;Piccolo Angolo;West Village;621 Hudson St;New York;NY;Italian;$$;;Piccolo Angolo; 621 Hudson St-at Jane St;New York;West Village;Italian;(212-229-9177);
7137;1985;1,000;1,000;1,000;3,000;Sakae Sushi;Greenwich Village;135 W 3rd St btwn Sixth Ave and...;;;;;;Sakae Sushi (CLOSED); 135 W 3rd St-between Sixth Ave and MacDougal St;New York;West Village;Japanese;(212-228-9839);
1;13780;1,000;1,000;1,000;3,000;'Ino;Greenwich Village;21 Bedford St;New York;NY;Italian;$;;'Ino;21 Bedford St.;New York;West Village;;;
17;33;1,000;1,000;1,000;3,000;A.O.C.;West Village;314 Bleecker St;New York;NY;French;$$;;A.O.C.; 314 Bleecker St-at Grove St;New York;West Village;French;(212-675-9463);
29;70;1,000;1,000;1,000;3,000;Alfama;Greenwich Village;551 Hudson St;New York;NY;Portuguese;$$;;Alfama; 551 Hudson St-at Perry St;New York;West Village;Portuguese;(212-645-2500);
6622;74;1,000;1,000;1,000;3,000;Ali Baba;Midtown East;212 E 34th St btwn Second and Third Aves;;;;;;Ali Baba; 212 E 34th St-between Second and Third Aves;New York;Midtown East;Turkish;(212-683-9206);
43;13797;1,000;1,000;1,000;3,000;Amazing 66;Chinatown;66 Mott Street;New York;NY;Chinese;$$;;Amazing 66;66 Mott St.;New York;Chinatown;;;
56;119;1,000;1,000;1,000;3,000;Apizz;Lower East Side;217 Eldridge St;New York;NY;Italian;$$$;;Apizz; 217 Eldridge St-at Stanton St;New York;Lower East Side;Italian;(212-253-9199);
6636;120;1,000;1,000;1,000;3,000;Aquagrill;SoHo;210 Spring St at 6th Ave;;;;;;Aquagrill; 210 Spring St-at Sixth Ave;New York;Soho;Seafood;(212-274-0505);
62;133;1,000;1,000;1,000;3,000;Arqua;TriBeCa;281 Church Street;New York;NY;Italian;$$$;;Arqua; 281 Church St-at White St;New York;Tribeca;Italian;(212-334-1888);
6646;161;1,000;1,000;1,000;3,000;August;Greenwich Village;359 Bleecker St btwn Charles and W 10th...;;;;;;August; 359 Bleecker St-between Charles and W 10th Sts;New York;West Village;Eclectic;(212-929-4774);
6647;163;1,000;1,000;1,000;3,000;Aurora;SoHo;510 Broome St btwn Thompson St and West...;;;;;;Aurora; 510 Broome St-between Thompson St and West Broadway;New York;Soho;Italian;(212-334-9020);
93;211;1,000;1,000;1,000;3,000;Banjara;East Village;97 First Ave;New York;NY;Indian;$$;;Banjara; 97 First Ave-at 6th St;New York;East Village;Indian;(212-477-5956);
108;253;1,000;1,000;1,000;3,000;Battery Gardens;Financial District;Inside Battery Parkacross From 17 State St;New York;NY;American;$$$;;Battery Gardens;Battery Park -across from 17 State Stat Pearl St;New York;Financial District;American;(212-809-5508);
111;255;1,000;1,000;1,000;3,000;Beacon;Midtown West;25 West 56th St (Between 5th & 6th Avenues);New York;NY;American;$$$$;;Beacon; 25 W 56th St-between Fifth and Sixth Aves;New York;Midtown West;American;(212-332-0500);
121;277;1,000;1,000;1,000;3,000;Beyoglu;Upper East Side;1431 Third Avenue;New York;NY;Mediterranean;$$;;Beyoglu; 1431 Third Ave-at 81st St;New York;Upper East Side;Turkish;(212-650-0850);
128;295;1,000;1,000;1,000;3,000;Bistro Ten 18;Upper West Side;1018 Amsterdam Ave;New York;NY;American;$$;;Bistro Ten 18; 1018 Amsterdam Ave-at 110th St;New York;Upper West Side;American;(212-662-7600);
139;313;1,000;1,000;1,000;3,000;Blue Ribbon Bakery;Greenwich Village;33 Downing Street;New York;NY;American;$$;;Blue Ribbon Bakery; 33 Downing St-at Bedford St;New York;West Village;Eclectic;(212-337-0404);
148;323;1,000;1,000;1,000;3,000;Boca Chica;East Village;13 First Avenue;New York;NY;South American;$;;Boca Chica; 13 First Ave-at 1st St;New York;East Village;Latin American;(212-473-0108);
166;367;1,000;1,000;1,000;3,000;Brasserie Julien;Upper East Side;1422 3rd Ave (Between 80th & 81st Streets);New York;NY;French;$$;;Brasserie Julien; 1422 Third Ave-between 80th and 81st Sts;New York;Upper East Side;French;(212-744-6327);
212;449;1,000;1,000;1,000;3,000;Cafeteria;Chelsea;119 Seventh Avenue;New York;NY;American;$;;Cafeteria; 119 Seventh Ave-at 17th St;New York;Chelsea;American;(212-414-1717);
6772;509;1,000;1,000;1,000;3,000;Casa;Greenwich Village;72 Bedford St at Commerce St;;;;;;Casa; 72 Bedford St-at Commerce St;New York;West Village;Brazilian;(212-366-9410);
242;13841;1,000;1,000;1,000;3,000;Chikalicious Dessert Bar;East Village;203 E 10th St;New York;NY;American;$;;Chikalicious Dessert Bar;203 E 10th St.;New York;East Village;;;
6791;587;1,000;1,000;1,000;3,000;Chow Bar;Greenwich Village;230 W 4th St at 10th St;;;;;;Chow Bar; 230 W 4th St-at 10th St;New York;West Village;Asian: Pan-Asian;(212-633-2212);
260;602;1,000;1,000;1,000;3,000;City Burger;Midtown West;1410 Broadway;New York;NY;American;$$;;City Burger; 1410 Broadway-at 39th St;New York;Midtown West;American;(212-997-7770);
268;625;1,000;1,000;1,000;3,000;Convivio;Midtown East;45 Tudor City Pl;New York;NY;Italian;$$$$$;;Convivio; 45 Tudor City Pl-at 43rd St;New York;Midtown East;Italian;(212-599-5045);
272;635;1,000;1,000;1,000;3,000;Corner Bistro;West Village;331 W 4th St;New York;NY;American;$;;Corner Bistro; 331 W 4th St-at Jane St;New York;West Village;American;(212-242-9502);
6807;639;1,000;1,000;1,000;3,000;Cosette;Midtown East;163 E 33rd St btwn Lexington and Third...;;;;;;Cosette; 163 E 33rd St-between Lexington and Third Aves;New York;Midtown East;French;(212-889-5489);
277;644;1,000;1,000;1,000;3,000;Cowgirl;West Village;519 Hudson Street;New York;NY;Southwestern;$;;Cowgirl; 519 Hudson St-at 10th St;New York;West Village;American Regional;(212-633-1133);
6809;644;1,000;1,000;1,000;3,000;Cowgirl;Greenwich Village;519 Hudson St at 10th St;;;;;;Cowgirl; 519 Hudson St-at 10th St;New York;West Village;American Regional;(212-633-1133);
6812;654;1,000;1,000;1,000;3,000;Crispo;Greenwich Village;240 W 14th St btwn 7th and 8th Aves;;;;;;Crispo; 240 W 14th St-between Seventh and Eighth Aves;New York;West Village;Italian;(212-229-1818);
286;657;1,000;1,000;1,000;3,000;Cru;Greenwich Village;24 Fifth Ave;New York;NY;Mediterranean;$$$$;;Cru; 24 Fifth Ave-at 9th St;New York;Greenwich Village;American Creative;(212-529-1700);
311;717;1,000;1,000;1,000;3,000;Delta Grill;Midtown West;700 Ninth Ave;New York;NY;Creole-Cajun;$$;;Delta Grill; 700 Ninth Ave-at 48th St;New York;Midtown West;American Regional;(212-956-0934);
6832;736;1,000;1,000;1,000;3,000;Ditch Plains;Greenwich Village;29 Bedford St at Downing St;;;;;;Ditch Plains; 29 Bedford St-at Downing St;New York;West Village;Seafood;(212-633-0202);
6841;757;1,000;1,000;1,000;3,000;Dos Caminos Soho;SoHo;475 West Broadway at Houston St;;;;;;Dos Caminos Soho; 475 West Broadway-at Houston St;New York;Soho;Mexican;(212-277-4300);
347;816;1,000;1,000;1,000;3,000;Eleven Madison Park;Gramercy Park;11 Madison Ave;New York;NY;American;$$$$$;;Eleven Madison Park; 11 Madison Ave-at 24th St;New York;Gramercy/Flatiron;American Creative;(212-889-0905);
6861;829;1,000;1,000;1,000;3,000;Employees Only;Greenwich Village;510 Hudson St btwn Christopher and West...;;;;;;Employees Only; 510 Hudson St-between Christopher and W 10th Sts;New York;West Village;American Creative;(212-242-3021);
377;880;1,000;1,000;1,000;3,000;Fish;Greenwich Village;280 Bleecker St;New York;NY;Seafood;$$;;Fish; 280 Bleecker St-at Jones St;New York;West Village;Seafood;(212-727-2879);
390;919;1,000;1,000;1,000;3,000;French Roast;Upper West Side;2340 Broadway;New York;NY;Breakfast;$;;French Roast; 2340 Broadway-at 85th St;New York;Upper West Side;Cafés;(212-799-1533);
6901;976;1,000;1,000;1,000;3,000;Good;Greenwich Village;89 Greenwich Ave btwn Bank and W 12th...;;;;;;Good; 89 Greenwich Ave-between Bank and W 12th Sts;New York;West Village;American;(212-691-8080);
6923;1088;1,000;1,000;1,000;3,000;Ideya;SoHo;349 West Broadway btwn Broome and Grand...;;;;;;Ideya; 349 West Broadway-between Broome and Grand Sts;New York;Soho;Latin American;(212-625-1441);
464;1090;1,000;1,000;1,000;3,000;Il Bastardo;Chelsea;191 Seventh Ave;New York;NY;Steakhouse;$$$;;Il Bastardo; 161 Seventh Ave 21st St-;New York;Chelsea;Italian;(212-675-5980);
475;1119;1,000;1,000;1,000;3,000;Indus Valley;Upper West Side;2636 Broadway;New York;NY;Indian;$$;;Indus Valley; 2636 Broadway-at 100th St;New York;Upper West Side;Indian;(212-222-9222);
490;1156;1,000;1,000;1,000;3,000;Japonica;Greenwich Village;100 University Pl;New York;NY;Sushi;$$$;;Japonica; 100 University Pl-at 12th St;New York;Greenwich Village;Japanese;(212-243-7752);
510;1208;1,000;1,000;1,000;3,000;Kanoyama;East Village;175 Second Ave;New York;NY;Sushi;$$;;Kanoyama; 175 Second Ave-at 11th St;New York;East Village;Japanese;(212-777-5266);
551;1313;1,000;1,000;1,000;3,000;Land Thai Kitchen;Upper West Side;450 Amsterdam Ave;New York;NY;Thai;$$;;Land Thai Kitchen; 450 Amsterdam Ave-at 82nd St;New York;Upper West Side;Thai;(212-501-8121);
6972;1341;1,000;1,000;1,000;3,000;Le Monde;Upper West Side;2885 Broadway btwn 112th and 113th Sts;;;;;;Le Monde; 2885 Broadway-between 112th and 113th Sts;New York;Upper West Side;French;(212-531-3939);
573;14091;1,000;1,000;1,000;3,000;Lima's Taste;West Village;122 Christopher St;New York;NY;South American;$;;Lima's Taste;122 Christopher St-At Bedford St;New York;West Village;;(212-242-0010);Peruvian
577;13947;1,000;1,000;1,000;3,000;Little Owl;West Village;90 Bedford Street;New York;NY;American;$$$;;Little Owl;90 Bedford;New York;West Village;;;
6987;1389;1,000;1,000;1,000;3,000;Loreley;Lower East Side;7 Rivington St btwn Bowery and Chrystie...;;;;;;Loreley; 7 Rivington St-between Bowery and Chrystie St;New York;Lower East Side;German;(212-253-7077);
600;13955;1,000;1,000;1,000;3,000;Mamlouk;East Village;211 East 4th St;New York;NY;Middle Eastern;$$$;;Mamlouk;211 E. Fourth St.;New York;East Village;;;
606;1466;1,000;1,000;1,000;3,000;Mare;Chelsea;198 Eighth Ave;New York;NY;Seafood;$$;;Mare; 198 Eighth Ave-at 20th St;New York;Chelsea;Seafood;(212-675-7522);
607;13959;1,000;1,000;1,000;3,000;Maremma;West Village;228 W 10th St;New York;NY;Italian;$$$;;Maremma;228 W 10th St.;New York;West Village;;;
612;1480;1,000;1,000;1,000;3,000;Marseille;Midtown West;630 Ninth Ave;New York;NY;French;$$$;;Marseille; 630 Ninth Ave-at 44th St;New York;Midtown West;French;(212-333-3410);
624;1511;1,000;1,000;1,000;3,000;Mercadito Grove;West Village;100 Seventh Ave S;New York;NY;Mexican;$$;;Mercadito Grove; 100 Seventh Ave South-at Grove St;New York;West Village;Mexican;(212-647-0830);
7024;1511;1,000;1,000;1,000;3,000;Mercadito Grove;Greenwich Village;100 Seventh Ave So at Grove St;;;;;;Mercadito Grove; 100 Seventh Ave South-at Grove St;New York;West Village;Mexican;(212-647-0830);
648;1551;1,000;1,000;1,000;3,000;Momofuku Ko;East Village;163 First Ave;New York;NY;Chinese;$$$$;;Momofuku Ko; 163 First Ave-at 10th St;New York;East Village;Japanese;(no phone);
7059;1663;1,000;1,000;1,000;3,000;Novecento;SoHo;343 W Broadway btwn Broome and Grand Sts;;;;;;Novecento; 343 West Broadway-between Broome and Grand Sts;New York;Soho;Argentine;(212-925-4706);
698;1680;1,000;1,000;1,000;3,000;Oliva;Lower East Side;161 East Houston Street;New York;NY;American;$$;;Oliva; 161 E Houston St-at Allen St;New York;Lower East Side;Spanish;(212-228-4143);
703;1688;1,000;1,000;1,000;3,000;One;Meatpacking District;1 Little West 12th St;New York;NY;American;$$$;;One; 1 Little West 12th St-at Ninth Ave;New York;Meatpacking District;Eclectic;(212-255-9717);
708;1693;1,000;1,000;1,000;3,000;Open the Sesame;Lower East Side;198A Orchard St.;New York;NY;Thai;$;;Open the Sesame; 198A Orchard St-at Houston St;New York;Lower East Side;Thai;(212-777-7009);
7079;1748;1,000;1,000;1,000;3,000;Paris Commune;Greenwich Village;99 Bank St at Greenwich St;;;;;;Paris Commune; 99 Bank St-at Greenwich St;New York;West Village;French;(212-929-0509);
7094;1798;1,000;1,000;1,000;3,000;Petite Abeille;Greenwich Village;466 Hudson St btwn Barrow and Grove Sts;;;;;;Petite Abeille; 466 Hudson St-between Barrow and Grove Sts;New York;West Village;Belgian;(212-741-6479);
751;1802;1,000;1,000;1,000;3,000;Philip Marie;West Village;569 Hudson St;New York;NY;American;$$$;;Philip Marie; 569 Hudson St-at 11th St;New York;West Village;American;(212-242-6200);
7096;1802;1,000;1,000;1,000;3,000;Philip Marie;Greenwich Village;569 Hudson St at 11th St;;;;;;Philip Marie; 569 Hudson St-at 11th St;New York;West Village;American;(212-242-6200);
791;1889;1,000;1,000;1,000;3,000;Rainbow Room;Midtown West;30 Rockefeller Plaza65th Floor;New York;NY;Italian;$$$$;;Rainbow Room;30 Rockefeller Plaza -between 49th and 50th Sts65th floor;New York;Midtown West;Italian;(212-632-5000);
795;1905;1,000;1,000;1,000;3,000;Redeye Grill;Midtown West;890 Seventh Ave;New York;NY;American;$$$;;Redeye Grill; 890 Seventh Ave-at 56th St;New York;Midtown West;Seafood;(212-541-9000);
800;1915;1,000;1,000;1,000;3,000;Revival;Harlem;2367 Frederick Douglass Blvd;New York;NY;Caribbean;$$;;Revival; 2367 Frederick Douglass Blvd (Eighth Ave)-at 127th St;New York;Harlem;American;(212-222-8338);
7122;1932;1,000;1,000;1,000;3,000;Risotteria;Greenwich Village;270 Bleecker St at Morton St;;;;;;Risotteria; 270 Bleecker St-at Morton St;New York;West Village;Italian;(212-924-6664);
806;1938;1,000;1,000;1,000;3,000;Roberto Passon;Midtown West;741 Ninth Ave;New York;NY;Italian;$$$;;Roberto Passon; 741 Ninth Ave-at 50th St;New York;Midtown West;Italian;(212-582-5599);
811;1954;1,000;1,000;1,000;3,000;Rosa Mexicano;Upper West Side;61 Columbus Avenue;New York;NY;Mexican;$$$;;Rosa Mexicano; 61 Columbus Ave-at 62nd St;New York;Upper West Side;Mexican;(212-977-7700);
841;2029;1,000;1,000;1,000;3,000;Saucy;Upper East Side;1409 York Avenue;New York;NY;International;$$;;Saucy; 1409 York Ave-at 75th St;New York;Upper East Side;Eclectic;(212-249-3700);
7158;2064;1,000;1,000;1,000;3,000;Shaburi;Midtown East;125 E 39th St btwn Park and Lexington...;;;;;;Shaburi; 125 E 39th St-between Park and Lexington Aves;New York;Midtown East;Japanese;(212-867-6999);
859;2067;1,000;1,000;1,000;3,000;Shake Shack;Upper West Side;366 Columbus Ave;New York;NY;American;$$;;Shake Shack; 366 Columbus Ave-at 77th St;New York;Upper West Side;American;(no phone yet);
7166;2085;1,000;1,000;1,000;3,000;Shun Lee Cafe;Upper West Side;43 W 65th St btwn Central Park West and...;;;;;;Shun Lee Cafe; 43 W 65th St-between Central Park West and Columbus Ave;New York;Upper West Side;Chinese;(212-769-3888);
7167;2087;1,000;1,000;1,000;3,000;Shun Lee West;Upper West Side;43 W 65th St btwn Central Park West and...;;;;;;Shun Lee West; 43 W 65th St-between Central Park West and Columbus Ave;New York;Upper West Side;Chinese;(212-595-8895);
867;2108;1,000;1,000;1,000;3,000;Smith & Wollensky;Midtown East;797 Third Ave;New York;NY;Steakhouse;$$$;;Smith & Wollensky; 797 Third Ave-at 49th St;New York;Midtown East;Steakhouses;(212-753-1530);
882;2158;1,000;1,000;1,000;3,000;Spigolo;Upper East Side;1561 Second Ave;New York;NY;Italian;$$$;;Spigolo; 1561 Second Ave-at 81st St;New York;Upper East Side;Italian;(212-744-1100);
884;14026;1,000;1,000;1,000;3,000;Spotted Pig;West Village;The, 314 W 11th St;New York;NY;British;$$$;;Spotted Pig;314 W 11th St.;New York;West Village;;;
7209;2195;1,000;1,000;1,000;3,000;Surya;Greenwich Village;302 Bleecker St btwn Seventh Ave South...;;;;;;Surya; 302 Bleecker St-between Seventh Ave South and Grove St;New York;West Village;Indian;(212-807-7770);
909;2226;1,000;1,000;1,000;3,000;Tabla;Gramercy Park;11 Madison Ave;New York;NY;Indian;$$$$;;Tabla; 11 Madison Ave-at 25th St;New York;Gramercy/Flatiron;Indian;(212-889-0667);
7221;2236;1,000;1,000;1,000;3,000;Tailor;SoHo;525 Broome St btwn Thompson and...;;;;;;Tailor; 525 Broome St-between Thompson and Sullivan Sts;New York;Soho;Cafés & diners;(212-334-5182);
918;2256;1,000;1,000;1,000;3,000;Tartine;West Village;253 W 11th St;New York;NY;French;$;;Tartine; 253 W 11th St-at 4th St;New York;West Village;French;(212-229-2611);
7228;2256;1,000;1,000;1,000;3,000;Tartine;Greenwich Village;253 W 11th St at 4th St;;;;;;Tartine; 253 W 11th St-at 4th St;New York;West Village;French;(212-229-2611);
932;2309;1,000;1,000;1,000;3,000;The Harrison;TriBeCa;355 Greenwich St;New York;NY;American;$$$;;The Harrison; 355 Greenwich St-at Harrison St;New York;Tribeca;American;(212-274-9310);
936;2328;1,000;1,000;1,000;3,000;The New French;Greenwich Village;522 Hudson St;New York;NY;French;$$$;;The New French; 522 Hudson St-at 10th St;New York;West Village;Eclectic;(212-807-7357);
7248;2343;1,000;1,000;1,000;3,000;The Place;Greenwich Village;310 W 4th St btwn Bank and W 12th Sts;;;;;;The Place; 310 W 4th St-between Bank and W 12th Sts;New York;West Village;Mediterranean;(212-924-2711);
953;2417;1,000;1,000;1,000;3,000;Tribeca Grill;TriBeCa;375 Greenwich St;New York;NY;American;$$$;;Tribeca Grill; 375 Greenwich St-at Franklin St;New York;Tribeca;American;(212-941-3900);
7298;2534;1,000;1,000;1,000;3,000;Woo Lae Oak;SoHo;148 Mercer St btwn Prince and Houston St;;;;;;Woo Lae Oak; 148 Mercer St-between Houston and Prince Sts;New York;Soho;Korean;(212-925-8200);
1018;2580;1,000;1,000;1,000;3,000;Zeytin;Upper West Side;519 Columbus Ave;New York;NY;Turkish;$$;;Zeytin; 519 Columbus Ave-at 85th St;New York;Upper West Side;Turkish;(212-579-1145);
1020;2583;1,000;1,000;1,000;3,000;Zoma;Harlem;2084 Frederick Douglass Blvd.;New York;NY;Ethiopian;$$;;Zoma; 2084 Frederick Douglass Blvd (Eighth Ave)-at 113th St;New York;Harlem;African: Ethiopian;(212-662-0620);
6602;2;1,000;1,000;1,000;3,000;1 Dominick;SoHo;1 Dominick St at Sixth Ave;;;;;;1 Dominick; 1 Dominick St-between Sixth Ave and Varick St;New York;Soho;Italian;(212-647-0202);
6606;19;1,000;1,000;1,000;3,000;508;SoHo;508 Greenwich St at Spring St;;;;;;508; 508 Greenwich St-between Canal and Spring Sts;New York;Soho;Mediterranean;(212-219-2444);
6626;89;1,000;1,000;1,000;3,000;Ama;SoHo;48 MacDougal St btwn Houston and Prince...;;;;;;Ama; 48 MacDougal St-between Houston and Prince Sts;New York;Soho;Italian;(212-358-1707);
6633;114;1,000;1,000;1,000;3,000;Antique Garage;SoHo;41 Mercer St btwn Broome and Grand Sts;;;;;;Antique Garage; 41 Mercer St-between Broome and Grand Sts;New York;Soho;Mediterranean;(212-219-1019);
6640;128;1,000;1,000;1,000;3,000;Ariyoshi;East Village;806 Broadway btwn 11th and 12th Sts;;;;;;Ariyoshi; 806 Broadway-between 11th and 12th Sts;New York;East Village;Japanese;(212-388-1884);
6663;215;1,000;1,000;1,000;3,000;Bar 6;Greenwich Village;502 Sixth Ave btwn 12th and 13th Sts;;;;;;Bar 6; 502 Sixth Ave-between 12th and 13th Sts;New York;Greenwich Village;French;(212-691-1363);
6666;218;1,000;1,000;1,000;3,000;Bar Blanc;Greenwich Village;142 W 10th St btwn Greenwich Ave and...;;;;;;Bar Blanc; 142 W 10th St-between Greenwich Ave and Waverly Pl;New York;West Village;French;(212-255-2330);
6683;274;1,000;1,000;1,000;3,000;Better Burger;Midtown East;561 Third Ave at 37th St;;;;;;Better Burger; 561 Third Ave-at 37th St;New York;Midtown East;American;(212-949-7528);
6688;288;1,000;1,000;1,000;3,000;Biricchino;Chelsea;260 W 29th St at Eighth Ave;;;;;;Biricchino; 260 W 29th St-at Eighth Ave;New York;Chelsea;Italian;(212-695-6690);
6710;340;1,000;1,000;1,000;3,000;Bone Lick Park;Greenwich Village;75 Greenwich Ave btwn Seventh Ave South...;;;;;;Bone Lick Park; 75 Greenwich Ave-between Seventh Ave South and Bank St;New York;West Village;Barbeque;(212-647-9600);
6716;363;1,000;1,000;1,000;3,000;Brasserie 52;Midtown West;772 Ninth Ave btwn 51st and 52nd Sts;;;;;;Brasserie 52; 772 Ninth Ave-between 51st and 52nd Sts;New York;Midtown West;French;(212-586-5005);
6737;411;1,000;1,000;1,000;3,000;Butcher Bay;East Village;511 E 5th St btwn Avenues A and B;;;;;;Butcher Bay; 511E 5th St-between Aves A and B;New York;East Village;American Regional;(212-260-1333);
6815;669;1,000;1,000;1,000;3,000;Curry-Ya;East Village;214 East 10th St btwn 1st and 2nd Aves;;;;;;Curry-Ya; 214 E 10th St-between First and Second Aves;New York;East Village;Japanese;(866-602-8779);
6827;714;1,000;1,000;1,000;3,000;Delicatessen;SoHo;54 Prince St at Lafayette St;;;;;;Delicatessen; 54 Prince St-at Lafayette St;New York;Soho;Eclectic;(212-226-0211);
6830;727;1,000;1,000;1,000;3,000;Diablo Royale;Greenwich Village;189 W 10th Street btwn W 4th and...;;;;;;Diablo Royale; 189 W 10th Street-between W 4th and Bleecker;New York;West Village;Mexican;(212-620-0223);
6835;742;1,000;1,000;1,000;3,000;DoSirak;Greenwich Village;30 E 13th St btwn Fifth Ave and...;;;;;;DoSirak; 30 E 13th St-between Fifth Ave and University Pl;New York;Greenwich Village;Korean;(646-336-1685);
6842;762;1,000;1,000;1,000;3,000;Downtown Cipriani;SoHo;376 West Broadway btwn Broome and...;;;;;;Downtown Cipriani; 376 West Broadway-between Broome and Spring Sts;New York;Soho;Italian;(212-343-0999);
6846;775;1,000;1,000;1,000;3,000;EN Japanese Brasserie;Greenwich Village;435 Hudson St at Leroy St;;;;;;EN Japanese Brasserie; 435 Hudson St-at Leroy St;New York;West Village;Japanese;(212-647-9196);
6852;806;1,000;1,000;1,000;3,000;El Paso;Greenwich Village;134 W Houston St btwn MacDougal and...;;;;;;El Paso; 134 W Houston St-between MacDougal and Sullivan Sts;New York;Greenwich Village;Mexican;(212-673-0828);
6864;849;1,000;1,000;1,000;3,000;Ethos;Midtown East;495 Third Ave btwn 33rd and 34th Sts;;;;;;Ethos; 495 Third Ave-between 33rd and 34th Sts;New York;Midtown East;Greek;(212-252-1972);
6865;851;1,000;1,000;1,000;3,000;Evergreen Shanghai;Midtown East;10 E 38th St btwn Fifth and Madison Aves;;;;;;Evergreen Shanghai; 10 E 38th St-between Fifth and Madison Aves;New York;Midtown East;Chinese;(212-448-1199);
6880;886;1,000;1,000;1,000;3,000;Fives;Midtown West;700 Fifth Ave at 55th St;;;;;;Fives;Peninsula Hotel -700 Fifth Aveat 55th St;New York;Midtown East;American Creative;(212-903-3918);
6891;933;1,000;1,000;1,000;3,000;Funayama;Greenwich Village;24 Greenwich Ave btwn Charles and W...;;;;;;Funayama; 24 Greenwich Ave-between Charles and W 10th Sts;New York;West Village;Japanese;(212-989-2500);
6902;985;1,000;1,000;1,000;3,000;Gottino;Greenwich Village;52 Greenwich Ave btwn Perry and Charles...;;;;;;Gottino; 52 Greenwich Ave-between Charles and Perry Sts;New York;West Village;Italian;(212-633-2590);
6903;989;1,000;1,000;1,000;3,000;Gradisca;Greenwich Village;126 W 13th St btwn Sixth and Seventh...;;;;;;Gradisca; 126 W 13th St-between Sixth and Seventh Aves;New York;West Village;Italian;(212-691-4886);
6906;997;1,000;1,000;1,000;3,000;Grano Trattoria;Greenwich Village;21 Greenwich Ave at 10th St;;;;;;Grano Trattoria; 21 Greenwich Ave-at 10th St;New York;West Village;Italian;(212-645-2121);
6929;1137;1,000;1,000;1,000;3,000;Itzocan Bistro;Upper East Side;1575 Lexington Ave at 101st St;;;;;;Itzocan Bistro; 1575 Lexington Ave-at 101st St;New York;Upper East Side;Mexican;(212-423-0255);
6934;1159;1,000;1,000;1,000;3,000;Jean Claude;SoHo;137 Sullivan St btwn Houston and Prince...;;;;;;Jean Claude; 137 Sullivan St-between Houston and Prince Sts;New York;Soho;French;(212-475-9232);
6949;1228;1,000;1,000;1,000;3,000;Kingswood;Greenwich Village;121 W 10th St btwn Greenwich and 6th...;;;;;;Kingswood; 121 W 10th St-between Greenwich and Sixth Aves;New York;Greenwich Village;Australian & New Zealand;(212-645-0018);
6963;1294;1,000;1,000;1,000;3,000;La Lanterna di Vittorio;Greenwich Village;129 MacDougal St btwn 3rd and 4th Sts;;;;;;La Lanterna di Vittorio; 129 MacDougal St-between 3rd and 4th Sts;New York;Greenwich Village;Italian: Pizza;(212-529-5945);
6968;1319;1,000;1,000;1,000;3,000;Las Ramblas;Greenwich Village;170 W 4th St btwn Jones and Cornelia Sts;;;;;;Las Ramblas; 170 W 4th St-between Jones and Cornelia Sts;New York;West Village;Spanish;(646-415-7924);
6969;1320;1,000;1,000;1,000;3,000;Lassi;Greenwich Village;28 Greenwich Ave at Charles St;;;;;;Lassi; 28 Greenwich Ave-between Charles and 10th Sts;New York;West Village;Indian;(212-675-2688);
6997;1430;1,000;1,000;1,000;3,000;Macondo;Lower East Side;157 E Houston St btwn Eldridge and...;;;;;;Macondo; 157 E Houston St-between Allen and Eldridge Sts;New York;Lower East Side;Latin American;(212-473-9900);
7006;1457;1,000;1,000;1,000;3,000;Manhattan Bistro;SoHo;129 Spring St btwn Greene and Wooster...;;;;;;Manhattan Bistro; 129 Spring St-between Greene and Wooster Sts;New York;Soho;French;(212-966-3459);
7009;1470;1,000;1,000;1,000;3,000;Marinella;Greenwich Village;49 Carmine St at Bedford St;;;;;;Marinella; 49 Carmine St-at Bedford St;New York;West Village;Italian;(212-807-7472);
7014;1490;1,000;1,000;1,000;3,000;Matador;Greenwich Village;57 Greenwich Ave btwn Perry and Charles...;;;;;;Matador; 57 Greenwich Ave-between Perry and Charles Sts;New York;West Village;Spanish;(212-691-0057);
7035;1536;1,000;1,000;1,000;3,000;Mishima;Midtown East;164 Lexington Ave btwn 30th and 31st Sts;;;;;;Mishima; 164 Lexington Ave-between 30th and 31st Sts;New York;Midtown East;Japanese;(212-532-9596);
7037;1540;1,000;1,000;1,000;3,000;Miyagi;Greenwich Village;220 W 13th St btwn Seventh and...;;;;;;Miyagi; 220 W 13th St-between Seventh and Greenwich Aves;New York;West Village;Japanese;(212-620-3830);
7039;1565;1,000;1,000;1,000;3,000;Mooncake Foods;SoHo;28 Watts St btwn Sixth Ave and Thompson...;;;;;;Mooncake Foods; 28 Watts St-between Sixth Ave and Thompson St;New York;Soho;Asian: Pan-Asian;(212-219-8888);
7049;1604;1,000;1,000;1,000;3,000;Negril Village;Greenwich Village;70 W 3rd St btwn La Guardia Pl and...;;;;;;Negril Village; 70 W 3rd St-between La Guardia Pl and Thompson St;New York;Greenwich Village;Caribbean: Jamaican;(212-477-2804);
7101;1820;1,000;1,000;1,000;3,000;Pigalle;Midtown West;790 Eighth Ave at 48th St;;;;;;Pigalle; 790 Eighth Ave-at 48th St;New York;Midtown West;French;(212-489-2233);
7106;1830;1,000;1,000;1,000;3,000;Piola;East Village;48 E 12th St btwn Broadway and...;;;;;;Piola; 48 E 12th St-between Broadway and University Pl;New York;East Village;Italian;(212-777-7781);
7136;1984;1,000;1,000;1,000;3,000;Saju;Midtown West;120 W 44th St btwn Sixth Ave and...;;;;;;Saju; 120 W 44th St-between Sixth Ave and Broadway;New York;Midtown West;Eclectic;(212-997-7258);
7163;2082;1,000;1,000;1,000;3,000;Shorty's;Midtown West;576 Ninth Ave at 41st St;;;;;;Shorty's; 576 Ninth Ave-at 41st St;New York;Midtown West;American;(212-967-3055);
7199;2161;1,000;1,000;1,000;3,000;Spring Street Natural;SoHo;62 Spring St at Lafayette St;;;;;;Spring Street Natural; 62 Spring St-at Lafayette St;New York;Soho;Vegetarian & Organic;(212-966-0290);
7216;2214;1,000;1,000;1,000;3,000;Sweetiepie;Greenwich Village;19 Greenwich Ave btwn W 10th and...;;;;;;Sweetiepie; 19 Greenwich Ave-at 10th St;New York;West Village;American;(212-337-3333);
7223;2242;1,000;1,000;1,000;3,000;Taksim;East Village;99 Second Ave btwn 5th and 6th Sts;;;;;;Taksim; 99 Second Ave-between 5th and 6th Sts;New York;East Village;Turkish;(212-979-5400);
7252;2355;1,000;1,000;1,000;3,000;The Spotted Pig;Greenwich Village;314 W 11th St at Greenwich St;;;;;;The Spotted Pig; 314 W 11th St-at Greenwich St;New York;West Village;Eclectic;(212-620-0393);
7259;2386;1,000;1,000;1,000;3,000;Toledo;Midtown East;6 E 36th St btwn Fifth and Madison Aves;;;;;;Toledo; 6 E 36th St-between Fifth and Madison Aves;New York;Midtown East;Spanish;(212-696-5036);
7265;2421;1,000;1,000;1,000;3,000;Trio;Midtown East;167 E 33rd St btwn Lexington and Third...;;;;;;Trio; 167 E 33rd St-between Lexington and Third Aves;New York;Midtown East;Mediterranean;(212-685-1001);
7286;2499;1,000;1,000;1,000;3,000;Vynl;Midtown West;1491 Second Ave btwn 77th and 78th Sts;;;;;;Vynl; 754 Ninth Ave-between 50th and 51st Sts;New York;Midtown West;Eclectic;(212-974-2003);
6661;210;1,000;1,000;1,000;3,000;Bandol Bistro;Upper East Side;181 E 78th St btwn Lexington and Third...;;;;;;Bandol Bistro; 181 E 78th St-between Lexington and Third Aves;New York;Upper East Side;French;(212-744-1800);
6745;431;1,000;1,000;1,000;3,000;Cafe Evergreen;Upper East Side;1288 First Ave at 69th St;;;;;;Cafe Evergreen; 1288 First Ave-at 69th St;New York;Upper East Side;Chinese;(212-744-3266);
6746;432;1,000;1,000;1,000;3,000;Cafe Fiorello;Upper West Side;1900 Broadway btwn 63rd and 64th Sts;;;;;;Cafe Fiorello; 1900 Broadway-between 63rd and 64th Sts;New York;Upper West Side;Italian;(212-595-5330);
6749;440;1,000;1,000;1,000;3,000;Cafe Luxembourg;Upper West Side;200 W 70th St Amsterdam Ave;;;;;;Cafe Luxembourg; 200 W 70th St-between Amsterdam and West End Aves;New York;Upper West Side;French;(212-873-7411);
6756;447;1,000;1,000;1,000;3,000;Cafe con Leche;Upper West Side;424 Amsterdam Ave btwn 80th and 81st Sts;;;;;;Cafe con Leche; 726 Amsterdam Ave-between 95th and 96th Sts;New York;Upper West Side;Caribbean;(212-678-7000);
6802;624;1,000;1,000;1,000;3,000;Congee Village;Lower East Side;100 Allen St btwn Broome and Delancey...;;;;;;Congee Village; 100 Allen St-between Broome and Delancey Sts;New York;Lower East Side;Chinese;(212-941-1818);
6824;706;1,000;1,000;1,000;3,000;Deborah;Greenwich Village;43 Carmine St btwn Bedford and Bleecker...;;;;;;Deborah; 43 Carmine St-between Bedford and Bleecker Sts;New York;West Village;American;(212-242-2606);
7030;1530;1,000;1,000;1,000;3,000;Minca;East Village;536 E 5th St btwn Aves A and B;;;;;;Minca; 536 E 5th St-between Aves A and B;New York;East Village;Asian: Pan-Asian;(212-505-8001);
7150;2045;1,000;1,000;1,000;3,000;Sel et Poivre;Upper East Side;853 Lexington Ave btwn 64th and 65th Sts;;;;;;Sel et Poivre; 853 Lexington Ave-between 64th and 65th Sts;New York;Upper East Side;French;(212-517-5780);
7152;2049;1,000;1,000;1,000;3,000;Serafina Fabulous Grill;Upper East Side;29 E 61st St btwn Park and Madison Aves;;;;;;Serafina Fabulous Grill; 29 E 61st St-between Madison and Park Aves;New York;Upper East Side;Italian;(212-702-9898);
7153;2050;1,000;1,000;1,000;3,000;Serafina Fabulous Pizza;Upper East Side;1022 Madison Ave at 79th St;;;;;;Serafina Fabulous Pizza; 1022 Madison Ave-between 78th and 79th Sts;New York;Upper East Side;Italian;(212-734-2676);
7212;2201;1,000;1,000;1,000;3,000;Sushi Samba 7;Greenwich Village;87 Seventh Ave So at Barrow St;;;;;;Sushi Samba 7; 87 Seventh Ave South-at Barrow St;New York;West Village;Japanese;(212-691-7885);
7233;2264;1,000;1,000;1,000;3,000;Teany;Lower East Side;90 Rivington St btwn Ludlow and Orchard...;;;;;;Teany; 90 Rivington St-between Ludlow and Orchard Sts;New York;Lower East Side;Cafés;(212-475-9190);
6894;943;1,000;1,000;1,000;3,000;Gallo Nero;Midtown West;402 W 44th St at Ninth Ave;;;;;;Gallo Nero; 404 W 44th St-at Ninth Ave;New York;Midtown West;Italian;(212-265-6660);
6624;81;1,000;1,000;1,000;3,000;Alma Grill;Midtown East;134 E 48th St at Lexington Ave;;;;;;Alma Grill; 134 E 48th St-at Lexington Ave;New York;Midtown East;American Creative;(212-593-5900);
6656;192;1,000;1,000;1,000;3,000;Babouche;SoHo;92 Prince St at Mercer St;;;;;;Babouche; 92 Prince St-at Mercer St;New York;Soho;Moroccan;(212-219-8155);
6686;287;1,000;1,000;1,000;3,000;Birdbath;Greenwich Village;145 Seventh Ave So at Charles St;;;;;;Birdbath;Neighborhood Green Bakery -145 Seventh Ave Southat Charles St;New York;West Village;Cafés;(646-722-6570);
6687;287;1,000;1,000;1,000;3,000;Birdbath;East Village;145 Seventh Ave So at Charles St;;;;;;Birdbath;Neighborhood Green Bakery -145 Seventh Ave Southat Charles St;New York;West Village;Cafés;(646-722-6570);
6694;307;1,000;1,000;1,000;3,000;Blossom Vegetarian Restaurant;Chelsea;187 Ninth Ave btwn 21st and 22nd Sts;;;;;;Blossom Vegetarian Restaurant; 187 Ninth Ave-between 21st and 22nd Sts;New York;Chelsea;Vegetarian & Organic;(212-627-1144);
6695;311;1,000;1,000;1,000;3,000;Blue Point;Midtown West;662 Ninth Ave at 46th St;;;;;;Blue Point; 662 Ninth Ave-at 46th St;New York;Midtown West;French;(212-247-8040);
6708;332;1,000;1,000;1,000;3,000;Bombay Frankie;Upper West Side;994 Amsterdam Ave btwn 109th and 110th...;;;;;;Bombay Frankie; 994 Amsterdam Ave-between 109th and 110th Sts;New York;Upper West Side;Indian;(212-666-1500);
6715;358;1,000;1,000;1,000;3,000;Braeburn;Greenwich Village;117 Perry St btwn Greenwich and Hudson...;;;;;;Braeburn; 117 Perry St-at Greenwich St;New York;Greenwich Village;American;(212-255-0696);
6738;415;1,000;1,000;1,000;3,000;Butterfield 8;Midtown East;5 E 38th St btwn Fifth and Madison Aves;;;;;;Butterfield 8; 5 E 38th St-between Fifth and Madison Aves;New York;Midtown East;American;(212-679-0646);
6768;502;1,000;1,000;1,000;3,000;Carbone;Midtown West;331 W 38th St btwn Eight and Ninth Aves;;;;;;Carbone; 331 W 38th St-between Eight and Ninth Aves;New York;Midtown West;Italian;(212-290-2625);
6775;516;1,000;1,000;1,000;3,000;Casablanca Tea Room;SoHo;164 Mercer St btwn Houston and Prince...;;;;;;Casablanca Tea Room; 164 Mercer St-between Houston and Prince Sts;New York;Soho;Moroccan;(212-219-8441);
6777;525;1,000;1,000;1,000;3,000;Cavatappo Wine Bar;Upper East Side;1728 Second Ave btwn 89th and 90th Sts;;;;;;Cavatappo Wine Bar; 1728 Second Ave-between 89th and 90th Sts;New York;Upper East Side;Italian;(212-426-0919);
6777;524;1,000;1,000;1,000;3,000;Cavatappo Wine Bar;Upper East Side;1728 Second Ave btwn 89th and 90th Sts;;;;;;Cavatappo Grill; 1712 First Ave-between 88th and 89th Sts;New York;Upper East Side;Italian;(212-987-9260);
6780;538;1,000;1,000;1,000;3,000;Central Park Boathouse Restaurant;Upper East Side;Central Park Lake at 72nd St;;;;;;Central Park Boathouse Restaurant;Central Park Lake -park entrance on Fifth Aveat 72nd St;New York;Upper East Side;Seafood;(212-517-2233);
6792;595;1,000;1,000;1,000;3,000;Cipolla Rossa;Upper East Side;1762 1st Ave btwn 91st and 92nd Sts;;;;;;Cipolla Rossa; 1762 First Ave-between 91st and 92nd Sts;New York;Upper East Side;Italian;(212-996-9426);
6796;609;1,000;1,000;1,000;3,000;Clubhouse Cafe;Midtown West;155 West 46th St btwn 6th and 7th Aves;;;;;;Clubhouse Cafe; 155 W 46th St-between Sixth and Seventh Aves;New York;Midtown West;Kosher;(212-354-3838);
6819;693;1,000;1,000;1,000;3,000;Dardanel;Midtown East;1071 1st Ave btwn 58th and 59th Sts;;;;;;Dardanel; 1071 First Ave-between 58th and 59th Sts;New York;Midtown East;Mediterranean;(212-888-0809);
6831;734;1,000;1,000;1,000;3,000;Dirty Bird to Go;Chelsea;204 W 14th St btwn Seventh and Eighth...;;;;;;Dirty Bird to Go; 204 W 14th St-between Seventh and Eighth Aves;New York;Chelsea;American Regional;(212-620-4836);
6844;767;1,000;1,000;1,000;3,000;Ducale;Upper West Side;392 Columbus Ave at 79th St;;;;;;Ducale; 392 Columbus Ave-at 79th St;New York;Upper West Side;Italian;(212-787-7150);
6854;812;1,000;1,000;1,000;3,000;El Rey del Sol;Greenwich Village;232 W 14th St btwn Seventh and Eighth...;;;;;;El Rey del Sol; 232 W 14th St-between Seventh and Eighth Aves;New York;West Village;Mexican;(212-229-0733);
6860;821;1,000;1,000;1,000;3,000;Elyssa Dido;Lower East Side;85 Orchard St at Broome St;;;;;;Elyssa Dido; 85 Orchard St-between Broome and Grand Sts;New York;Lower East Side;Middle Eastern;(212-991-9880);
6867;857;1,000;1,000;1,000;3,000;Fabio Piccolo Fiore;Midtown East;230 E 44th St at Second Ave;;;;;;Fabio Piccolo Fiore; 230 E. 44th St-at Second Ave;New York;Midtown East;Eclectic;(212-922-0581);
6924;1096;1,000;1,000;1,000;3,000;Il Laboratorio del Gelato;Lower East Side;95 Orchard St btwn Broome and Delancey...;;;;;;Il Laboratorio del Gelato; 95 Orchard St-between Broome and Delancey Sts;New York;Lower East Side;Cafés & diners;(212-343-9922);
6928;1127;1,000;1,000;1,000;3,000;Iron Sushi;Upper East Side;355 E 78th St btwn First and Second...;;;;;;Iron Sushi; 355 E 78th St-between First and Second Aves;New York;Upper East Side;Japanese;(212-772-7680);
6935;1161;1,000;1,000;1,000;3,000;Jeeb;Lower East Side;154 Orchard St btwn Stanton and...;;;;;;Jeeb; 154 Orchard St-between Stanton and Rivington Sts;New York;Lower East Side;Thai;(212-677-4101);
6936;1181;1,000;1,000;1,000;3,000;JoeDoe;East Village;45 East 1st St btwn 1st and 2nd Aves;;;;;;JoeDoe; 45 E 1st St-between First and Second Aves;New York;East Village;American;(212-780-0262);
6943;1204;1,000;1,000;1,000;3,000;Kafana;East Village;116 Ave C btwn E 7th and 8th Sts;;;;;;Kafana; 116 Ave C-between 7th and 8th Sts;New York;East Village;Eastern European;(212-353-8000);
6970;1330;1,000;1,000;1,000;3,000;Le Charlot;Upper East Side;19 E 69th St btwn Madison and Park Aves;;;;;;Le Charlot; 19 E 69th St-between Madison and Park Aves;New York;Upper East Side;French;(212-794-1628);
6974;1352;1,000;1,000;1,000;3,000;Le Tableau (CLOSED);East Village;511 E 5th St btwn Aves A and B;;;;;;Le Tableau (CLOSED); 511 E 5th St-between Aves A and B;New York;East Village;French;(212-260-1333);
6998;1432;1,000;1,000;1,000;3,000;Madaleine Mae (CLOSED);Upper West Side;461 Columbus Ave at 82nd St;;;;;;Madaleine Mae (CLOSED); 461 Columbus Ave-at 82nd St;New York;Upper West Side;American;(212-496-3000);
6998;1431;1,000;1,000;1,000;3,000;Madaleine Mae (CLOSED);Upper West Side;461 Columbus Ave at 82nd St;;;;;;Madaleine Mae; 461 Columbus Ave-at 82nd St;New York;Upper West Side;American;(212-496-3000);
7000;1439;1,000;1,000;1,000;3,000;Maia;East Village;98 Ave B btwn 6th and 7th Sts;;;;;;Maia; 98 Ave B-between 6th and 7th Sts;New York;East Village;Turkish;(212-358-1166);
7046;1586;1,000;1,000;1,000;3,000;My Befana (CLOSED);SoHo;116 West Houston St btwn Sullivan and...;;;;;;My Befana (CLOSED); 116 West Houston St-between Sullivan and Thompson Sts;New York;Soho;Mediterranean;(212-473-3238);
7082;1762;1,000;1,000;1,000;3,000;Patisserie des Ambassades;Chelsea;161 W 22nd St btwn Sixth and Seventh...;;;;;;Patisserie des Ambassades; 161 W 22nd St-between Sixth and Seventh Aves;New York;Chelsea;African: Senegalese;(212-255-5101);
7097;14100;1,000;1,000;1,000;3,000;Philly Slim's Cheesesteaks;Midtown West;789 Ninth Ave btwn 52nd and 53rd Sts;;;;;;Philly Slim's Cheesesteaks;789 9th Ave-Btwn 52nd & 53rd St;New York;Midtown West;;(212-333-3042);American
7105;1829;1,000;1,000;1,000;3,000;Pio Pio Salon;Upper West Side;702 Amsterdam at 94th St;;;;;;Pio Pio Salon; 702 Amsterdam-at 94th St;New York;Upper West Side;Peruvian;(212-665-3000);
7107;1834;1,000;1,000;1,000;3,000;Pizza Gruppo;East Village;186 Ave B btwn 11th and 12th Sts;;;;;;Pizza Gruppo; 186 Ave B-between 11th and 12th Sts;New York;East Village;Italian: Pizza;(212-995-2100);
7112;1860;1,000;1,000;1,000;3,000;Public House;Midtown East;140 E 41st St btwn Lexington and Third...;;;;;;Public House; 140 E 41st St-between Lexington and Third Aves;New York;Midtown East;American;(212-682-3710);
7115;1877;1,000;1,000;1,000;3,000;R.U.B.;Chelsea;208 W 23rd St btwn Seventh and Eighth...;;;;;;R.U.B.; 208 W 23rd St-between Seventh and Eighth Aves;New York;Chelsea;Barbeque;(212-524-4300);
7119;1902;1,000;1,000;1,000;3,000;Red Bamboo;Greenwich Village;140 W 4th St btwn MacDougal St and...;;;;;;Red Bamboo; 140 W 4th St-between MacDougal St and Sixth Ave;New York;Greenwich Village;Vegetarian & Organic;(212-260-7049);
7120;1911;1,000;1,000;1,000;3,000;Restaurant Ichimura;Midtown East;1026 Second Ave btwn 54th and 55th Sts;;;;;;Restaurant Ichimura; 1026 Second Ave-between 54th and 55th Sts;New York;Midtown East;Japanese;(212-355-3557);
7151;2047;1,000;1,000;1,000;3,000;Seoul Station;East Village;81 St Marks Pl btwn 1st and 2nd Aves;;;;;;Seoul Station; 81 St. Marks Pl-between First and Second Aves;New York;East Village;Korean;(212-979-9300);
7155;2055;1,000;1,000;1,000;3,000;Setacci;Greenwich Village;420 Hudson St at Leroy St;;;;;;Setacci; 420 Hudson St-at Leroy St;New York;West Village;Italian;(212-675-0810);
7170;2093;1,000;1,000;1,000;3,000;Silverleaf Tavern;Midtown East;70 Park Ave at 38th St;;;;;;Silverleaf Tavern;70 Park Hotel -70 Park Aveat 38th St;New York;Midtown East;American;(212-973-2550);
7173;2106;1,000;1,000;1,000;3,000;Slice;Upper East Side;1413 Second Ave btwn 73rd and 74th Sts;;;;;;Slice; 1413 Second Ave-between 73rd and 74th Sts;New York;Upper East Side;Italian: Pizza;(212-249-4353);
7201;2164;1,000;1,000;1,000;3,000;Square Meal;Upper East Side;30 E 92nd St btwn 5th Ave and Madison...;;;;;;Square Meal; 30 E 92nd St-between Fifth and Madison Aves;New York;Upper East Side;American;(212-860-9872);
7219;2218;1,000;1,000;1,000;3,000;Symposium;Upper West Side;544 W 113th St btwn Amsterdam Ave and...;;;;;;Symposium; 544 W 113th St-between Amsterdam Ave and Broadway;New York;Upper West Side;Greek;(212-865-1011);
7229;2257;1,000;1,000;1,000;3,000;Tasca (CLOSED);Greenwich Village;130 Seventh Avenue So at W 10th St;;;;;;Tasca (CLOSED); 130 Seventh Avenue South-at W 10th St;New York;West Village;Spanish;(212-620-6815);
7236;2277;1,000;1,000;1,000;3,000;Tet;East Village;83 Ave A btwn 5th and 6th Sts;;;;;;Tet; 83 Ave A-between 5th and 6th Sts;New York;East Village;Vietnamese;(212-253-0800);
7238;2292;1,000;1,000;1,000;3,000;The Carlyle Restaurant;Upper East Side;35 E 76th St at Madison Ave;;;;;;The Carlyle Restaurant; 35 E 76th St-at Madison Ave;New York;Upper East Side;French;(212-744-1600);
7255;2373;1,000;1,000;1,000;3,000;Tides;Lower East Side;102 Norfolk St at Delancey St;;;;;;Tides; 102 Norfolk St-at Delancey St;New York;Lower East Side;Seafood;(212-254-8855);
7303;2553;1,000;1,000;1,000;3,000;Yerba Buena;East Village;23 Avenue A at E 2nd St;;;;;;Yerba Buena; 23 Ave A-between 1st and 2nd Sts;New York;East Village;Latin American;(212-529-2919);
7305;2574;1,000;1,000;1,000;3,000;Zen Burger (CLOSED);Midtown East;465 Lexington Ave btwn 45th and 46th Sts;;;;;;Zen Burger (CLOSED); 465 Lexington Ave-between 45th and 46th Sts;New York;Midtown East;American;(212-661-6080);
7312;2595;1,000;1,000;1,000;3,000;bar.vetro;Midtown East;222 E 58th St btwn Second and Third Aves;;;;;;bar.vetro; 222 E 58th St-between Second and Third Aves;New York;Midtown East;Italian;(212-308-0112);
7321;14098;1,000;1,000;1,000;3,000;Perry St;West Village;176 Perry St;New York;NY;;$$$$;French;Perry St;176 Perry St-At West St;New York;West Village;;(212-352-1900);American
129;13814;1,000;1,000;1,000;3,000;Black Iron Burger Shop;East Village;540 E 5th St;New York;NY;American;$$$;;Black Iron Burger;540 E 5th St.;New York;East Village;;;
511;13922;1,000;1,000;1,000;3,000;Katz's Delicatessen;Lower East Side;205 East Houston Street;New York;NY;Deli;$;;Katz's Deli;205 E Houston St.;New York;Lower East Side;;;
788;1881;1,000;1,000;1,000;3,000;Rack and Soul;Upper West Side;2818 Broadway;New York;NY;Barbecue;$$;;Rack & Soul; 2818 Broadway-at 109th St;New York;Upper West Side;American Regional;(212-222-4800);
849;14102;1,000;1,000;1,000;3,000;Schiller's Restaurant;Lower East Side;131 Rivington St;New York;NY;International;$$;;Schiller's Liquor Bar;131 Rivington St-At Norfolk St;New York;Lower East Side;;(212-260-4555);Eclectic
6648;14078;1,000;1,000;1,000;3,000;Aurora Soho;SoHo;510 Broome St btwn Thompson St and West...;;;;;;Aurora SoHo;510 Broome St-Btwn Thompson St & W Broadway;New York;Soho;;(212-334-9020);Italian
6651;173;1,000;1,000;1,000;3,000;Azul Bistro;Lower East Side;152 Stanton St at Suffolk St;;;;;;Azul Argentine Bistro; 152 Stanton St-at Suffolk St;New York;Lower East Side;Argentine;(646-602-2004);
7007;1459;1,000;1,000;1,000;3,000;Maracas Mexican Bar and Grill;Greenwich Village;33 Greenwich Ave btwn Sixth and Seventh...;;;;;;Maracas Mexican Bar & Grill; 33 Greenwich Ave-between Sixth and Seventh Aves;New York;West Village;Mexican;(212-593-6600);
7023;1510;1,000;1,000;1,000;3,000;Mercadito Cantina;East Village;172 Ave B btwn 10th and 11th Sts;;;;;;Mercadito; 179 Ave B-between 11th and 12th Sts;New York;East Village;Mexican;(212-529-6493);
7077;1744;1,000;1,000;1,000;3,000;Papillon Bistro;Midtown East;22 E 54th St btwn 5th and Madison Aves;;;;;;Papillon; 22 E 54th St-between Fifth and Madison Aves;New York;Midtown East;French;(212-754-9006);
7102;1821;1,000;1,000;1,000;3,000;Pinch and S'MAC;Upper West Side;474 Columbus Ave btwn 82nd and 83rd Sts;;;;;;Pinch & S’MAC; 474 Columbus Ave-between 82nd and 83rd Sts;New York;Upper West Side;American;(212-686-5222);
7392;14094;1,000;1,000;1,000;3,000;Momofuku Ssäm Bar;East Village;207 2nd Ave;New York;NY;;$$$;Asian;Momofuku Ssam Bar;207 2nd Ave-At 13th St;New York;East Village;;(212-254-3500);Korean
7417;600;1,000;1,000;1,000;3,000;Citrus Bar and Grill;Upper West Side;320 Amsterdam Ave;New York;NY;;$$;Asian;Citrus Bar & Grill; 320 Amsterdam Ave-at 75th St;New York;Upper West Side;Eclectic;(212-595-0500);
7424;1571;1,000;1,000;1,000;3,000;Morrell Wine Bar and Cafe;Midtown West;1 Rockefeller Plaza;New York;NY;;$$$;American;Morrell Wine Bar & Café; 1 Rockefeller Plaza-at 49th St;New York;Midtown West;Italian;(212-262-7700);
